drift,unbalance,type,alg,Time,Mem
sea_P(y),1,sudden,improved_OOB,6.456626299999999,540098969.6
sea_P(y),1,sudden,WEOB1,10.0528391,505999769.6
sea_P(y),1,sudden,OOB,6.961646,608969932.8
sea_P(y),1,sudden,ESOS_ELM,342.4281187911,7187554304.0
sea_P(y),1,sudden,improved_UOB,4.9094462,402339840.0
sea_P(y),1,sudden,WEOB2,15.952558000000002,505999769.6
sea_P(y),1,sudden,UOB,7.159590199999999,616685568.0
sea_P(y),1,sudden,RebalanceStream,18.0669322,4417779302.4
sea_P(y),1,incremental,improved_OOB,6.3291709,543391334.4
sea_P(y),1,incremental,WEOB1,9.5864254,562321817.6
sea_P(y),1,incremental,OOB,8.3814722,546195865.6
sea_P(y),1,incremental,ESOS_ELM,335.1285003525,5979182545.454545
sea_P(y),1,incremental,improved_UOB,4.7329115,343708392.72727275
sea_P(y),1,incremental,WEOB2,15.6431828,562321817.6
sea_P(y),1,incremental,UOB,8.6141637,543836569.6
sea_P(y),1,incremental,RebalanceStream,14.7059968,4625731174.4
sea_P(y),3,incremental,improved_OOB,9.518834899999998,493485056.0
sea_P(y),3,incremental,WEOB1,14.8228609,738852864.0
sea_P(y),3,incremental,OOB,12.776446199999999,620413337.6
sea_P(y),3,incremental,ESOS_ELM,308.53045292269996,6755877273.6
sea_P(y),3,incremental,improved_UOB,7.0400363,556530073.6
sea_P(y),3,incremental,WEOB2,37.7317211,738852864.0
sea_P(y),3,incremental,UOB,9.4049043,490249122.90909094
sea_P(y),3,incremental,RebalanceStream,17.157138700000004,4257548288.0
sea_P(y),3,sudden,improved_OOB,9.5036685,608318668.8
sea_P(y),3,sudden,WEOB1,14.3492025,717924538.1818181
sea_P(y),3,sudden,OOB,11.9488399,627970457.6
sea_P(y),3,sudden,ESOS_ELM,325.3116502468,7030934732.8
sea_P(y),3,sudden,improved_UOB,6.7665431,468210073.6
sea_P(y),3,sudden,WEOB2,19.101552599999998,717924538.1818181
sea_P(y),3,sudden,UOB,8.854768100000001,567685939.2
sea_P(y),3,sudden,RebalanceStream,18.813880500000003,4424132608.0
sea_P(y),2,sudden,improved_OOB,9.768896000000002,524979882.6666667
sea_P(y),2,sudden,WEOB1,14.5628007,657908456.7272727
sea_P(y),2,sudden,OOB,10.809694499999999,632277401.6
sea_P(y),2,sudden,ESOS_ELM,338.6757910912,7097879347.2
sea_P(y),2,sudden,improved_UOB,6.3822529,383126869.3333333
sea_P(y),2,sudden,WEOB2,18.5870259,657908456.7272727
sea_P(y),2,sudden,UOB,7.518185300000001,592853401.6
sea_P(y),2,sudden,RebalanceStream,18.9553652,4299207475.2
sea_P(y),2,incremental,improved_OOB,10.558395299999999,568591825.4545455
sea_P(y),2,incremental,WEOB1,15.8516279,518034152.72727275
sea_P(y),2,incremental,OOB,10.6434031,491558912.0
sea_P(y),2,incremental,ESOS_ELM,341.0443992981,7108729241.6
sea_P(y),2,incremental,improved_UOB,6.945943300000001,432989388.8
sea_P(y),2,incremental,WEOB2,18.651416500000003,518034152.72727275
sea_P(y),2,incremental,UOB,7.4408308000000005,474500002.90909094
sea_P(y),2,incremental,RebalanceStream,16.0651008,4506053427.2
sea_P(y),4,incremental,improved_OOB,7.842955000000001,622266777.6
sea_P(y),4,incremental,WEOB1,12.8871303,527939025.45454544
sea_P(y),4,incremental,OOB,10.9944192,623016345.6
sea_P(y),4,incremental,ESOS_ELM,300.72938115039994,4486550869.333333
sea_P(y),4,incremental,improved_UOB,6.2462856,433999530.6666667
sea_P(y),4,incremental,WEOB2,18.9261288,527939025.45454544
sea_P(y),4,incremental,UOB,8.7260098,524924108.8
sea_P(y),4,incremental,RebalanceStream,18.5793354,4257402060.8
sea_P(y),4,sudden,improved_OOB,7.820320699999999,464306806.15384614
sea_P(y),4,sudden,WEOB1,12.8298186,783056896.0
sea_P(y),4,sudden,OOB,13.004763300000002,630462464.0
sea_P(y),4,sudden,ESOS_ELM,310.4380203391,6565255168.0
sea_P(y),4,sudden,improved_UOB,6.323902200000001,569542246.4
sea_P(y),4,sudden,WEOB2,19.0576506,783056896.0
sea_P(y),4,sudden,UOB,9.787667800000001,500853666.90909094
sea_P(y),4,sudden,RebalanceStream,19.0844525,4592658841.6
sea_P(y_x),1,sudden,improved_OOB,10.1505172,628782694.4
sea_P(y_x),1,sudden,WEOB1,13.029453799999999,614505676.8
sea_P(y_x),1,sudden,OOB,10.8277687,488529175.27272725
sea_P(y_x),1,sudden,ESOS_ELM,333.92580430460004,5758316953.6
sea_P(y_x),1,sudden,improved_UOB,4.1162902,346000384.0
sea_P(y_x),1,sudden,WEOB2,16.151363500000002,614505676.8
sea_P(y_x),1,sudden,UOB,4.3733509,285833898.6666667
sea_P(y_x),1,sudden,RebalanceStream,31.7366488,2855277772.8
sea_P(y_x),1,incremental,improved_OOB,10.423223,626176409.6
sea_P(y_x),1,incremental,WEOB1,13.6918734,546922086.4
sea_P(y_x),1,incremental,OOB,10.7193267,627590348.8
sea_P(y_x),1,incremental,ESOS_ELM,331.6676649313,7198774476.8
sea_P(y_x),1,incremental,improved_UOB,4.0785179,290940245.3333333
sea_P(y_x),1,incremental,WEOB2,15.9181834,546922086.4
sea_P(y_x),1,incremental,UOB,4.4605102,291065173.3333333
sea_P(y_x),1,incremental,RebalanceStream,31.125965099999995,2844042854.4
sea_P(y_x),3,incremental,improved_OOB,8.3264117,472707413.3333333
sea_P(y_x),3,incremental,WEOB1,12.3156535,657310105.6
sea_P(y_x),3,incremental,OOB,10.3232063,556565708.8
sea_P(y_x),3,incremental,ESOS_ELM,328.5769007305,6524276326.4
sea_P(y_x),3,incremental,improved_UOB,5.9206474,327886661.8181818
sea_P(y_x),3,incremental,WEOB2,16.7674218,657310105.6
sea_P(y_x),3,incremental,UOB,5.9794447,398956134.4
sea_P(y_x),3,incremental,RebalanceStream,27.657712499999995,2842725171.2
sea_P(y_x),3,sudden,improved_OOB,7.3793486,545518387.2
sea_P(y_x),3,sudden,WEOB1,10.771198600000002,633510707.2
sea_P(y_x),3,sudden,OOB,11.540070400000001,598686105.6
sea_P(y_x),3,sudden,ESOS_ELM,332.00136151239997,6360139776.0
sea_P(y_x),3,sudden,improved_UOB,5.143707999999999,340045824.0
sea_P(y_x),3,sudden,WEOB2,17.4897496,633510707.2
sea_P(y_x),3,sudden,UOB,6.2761166,372296089.6
sea_P(y_x),3,sudden,RebalanceStream,28.334465,2597407539.2
sea_P(y_x),2,sudden,improved_OOB,9.989737400000001,522319872.0
sea_P(y_x),2,sudden,WEOB1,13.739492799999999,711949516.8
sea_P(y_x),2,sudden,OOB,10.4292493,627361792.0
sea_P(y_x),2,sudden,ESOS_ELM,333.3389503994,7192099225.6
sea_P(y_x),2,sudden,improved_UOB,5.3159283,308640153.6
sea_P(y_x),2,sudden,WEOB2,16.434269800000003,711949516.8
sea_P(y_x),2,sudden,UOB,5.1302144,331946393.6
sea_P(y_x),2,sudden,RebalanceStream,33.5286264,2837284864.0
sea_P(y_x),2,incremental,improved_OOB,11.3620837,555299560.7272727
sea_P(y_x),2,incremental,WEOB1,15.4747493,635149516.8
sea_P(y_x),2,incremental,OOB,10.520706,589547520.0
sea_P(y_x),2,incremental,ESOS_ELM,331.939524684,5093644846.545455
sea_P(y_x),2,incremental,improved_UOB,5.8266504,324674764.8
sea_P(y_x),2,incremental,WEOB2,16.8078427,635149516.8
sea_P(y_x),2,incremental,UOB,5.254020700000001,278236811.6363636
sea_P(y_x),2,incremental,RebalanceStream,30.2513652,2848650035.2
sea_P(y_x),4,incremental,improved_OOB,7.1721052,612333568.0
sea_P(y_x),4,incremental,WEOB1,11.6272978,613825740.8
sea_P(y_x),4,incremental,OOB,10.456787199999999,527950941.09090906
sea_P(y_x),4,incremental,ESOS_ELM,324.8774597619,7073011712.0
sea_P(y_x),4,incremental,improved_UOB,5.8258718,299219101.53846157
sea_P(y_x),4,incremental,WEOB2,17.3778386,613825740.8
sea_P(y_x),4,incremental,UOB,7.223563400000001,467513753.6
sea_P(y_x),4,incremental,RebalanceStream,27.2065741,2845020160.0
sea_P(y_x),4,sudden,improved_OOB,8.119211,603064320.0
sea_P(y_x),4,sudden,WEOB1,13.0856678,778944921.6
sea_P(y_x),4,sudden,OOB,10.1352164,605442457.6
sea_P(y_x),4,sudden,ESOS_ELM,324.914850301,7154448793.6
sea_P(y_x),4,sudden,improved_UOB,6.2783782,409284198.4
sea_P(y_x),4,sudden,WEOB2,16.645806699999998,778944921.6
sea_P(y_x),4,sudden,UOB,6.434677499999999,314089099.6363636
sea_P(y_x),4,sudden,RebalanceStream,27.1800263,2840503500.8
sea_P(x_y),1,sudden,improved_OOB,7.2985041,638058496.0
sea_P(x_y),1,sudden,WEOB1,9.0429225,537620070.4
sea_P(x_y),1,sudden,OOB,11.116309599999997,573227008.0
sea_P(x_y),1,sudden,ESOS_ELM,353.13592211570005,6981723340.8
sea_P(x_y),1,sudden,improved_UOB,2.5463679000000004,275533824.0
sea_P(x_y),1,sudden,WEOB2,29.421872099999995,537620070.4
sea_P(x_y),1,sudden,UOB,4.3489556,286334976.0
sea_P(x_y),1,sudden,RebalanceStream,31.647843299999998,2842422067.2
sea_P(x_y),1,incremental,improved_OOB,7.8927839,550691188.3636364
sea_P(x_y),1,incremental,WEOB1,9.657594900000001,520889958.4
sea_P(x_y),1,incremental,OOB,11.458751799999998,569594265.6
sea_P(x_y),1,incremental,ESOS_ELM,354.8574711071,6690243788.8
sea_P(x_y),1,incremental,improved_UOB,2.9624232,304295116.8
sea_P(x_y),1,incremental,WEOB2,31.364529899999997,520889958.4
sea_P(x_y),1,incremental,UOB,4.4248114,305515373.71428573
sea_P(x_y),1,incremental,RebalanceStream,28.8729649,2847774310.4
sea_P(x_y),3,incremental,improved_OOB,7.323850499999999,561810338.9090909
sea_P(x_y),3,incremental,WEOB1,11.553433100000001,726500966.4
sea_P(x_y),3,incremental,OOB,11.3678182,634085785.6
sea_P(x_y),3,incremental,ESOS_ELM,355.1085119306,7102267801.6
sea_P(x_y),3,incremental,improved_UOB,5.1171294000000005,391110656.0
sea_P(x_y),3,incremental,WEOB2,16.9898256,726500966.4
sea_P(x_y),3,incremental,UOB,6.3380285,382506598.4
sea_P(x_y),3,incremental,RebalanceStream,29.0689901,2573615923.2
sea_P(x_y),3,sudden,improved_OOB,8.310177399999999,551076659.2
sea_P(x_y),3,sudden,WEOB1,12.1714924,528422912.0
sea_P(x_y),3,sudden,OOB,13.0140737,687126118.4
sea_P(x_y),3,sudden,ESOS_ELM,348.3043501904,7154490163.2
sea_P(x_y),3,sudden,improved_UOB,5.1955973,428612812.8
sea_P(x_y),3,sudden,WEOB2,20.2548134,528422912.0
sea_P(x_y),3,sudden,UOB,6.470146,373844787.2
sea_P(x_y),3,sudden,RebalanceStream,27.315880100000005,2710240051.2
sea_P(x_y),2,sudden,improved_OOB,11.3610245,451458914.46153843
sea_P(x_y),2,sudden,WEOB1,15.785701500000002,514858598.4
sea_P(x_y),2,sudden,OOB,15.6000027,503969450.6666667
sea_P(x_y),2,sudden,ESOS_ELM,350.48237940909996,6736645324.8
sea_P(x_y),2,sudden,improved_UOB,5.5152351,339090227.2
sea_P(x_y),2,sudden,WEOB2,38.4201657,514858598.4
sea_P(x_y),2,sudden,UOB,6.502273499999999,277971763.2
sea_P(x_y),2,sudden,RebalanceStream,29.102367599999997,2742293299.2
sea_P(x_y),2,incremental,improved_OOB,9.0181307,593535385.6
sea_P(x_y),2,incremental,WEOB1,12.815674699999999,584205926.4
sea_P(x_y),2,incremental,OOB,12.2391967,602135347.2
sea_P(x_y),2,incremental,ESOS_ELM,361.2945906804,7165575987.2
sea_P(x_y),2,incremental,improved_UOB,5.0665251,258704042.66666666
sea_P(x_y),2,incremental,WEOB2,16.6191453,584205926.4
sea_P(x_y),2,incremental,UOB,6.0544413,339392512.0
sea_P(x_y),2,incremental,RebalanceStream,28.2254105,2269443909.818182
sea_P(x_y),4,incremental,improved_OOB,8.6019887,539902771.2
sea_P(x_y),4,incremental,WEOB1,14.5897714,644505600.0
sea_P(x_y),4,incremental,OOB,10.1761929,534888857.6
sea_P(x_y),4,incremental,ESOS_ELM,335.0779161017,7096233164.8
sea_P(x_y),4,incremental,improved_UOB,6.726527899999999,393881600.0
sea_P(x_y),4,incremental,WEOB2,17.1163021,644505600.0
sea_P(x_y),4,incremental,UOB,6.8504926,352861798.4
sea_P(x_y),4,incremental,RebalanceStream,30.3444761,2847705497.6
sea_P(x_y),4,sudden,improved_OOB,11.687962,568326963.2
sea_P(x_y),4,sudden,WEOB1,18.8831721,635767193.6
sea_P(x_y),4,sudden,OOB,11.838365099999999,545035729.4545455
sea_P(x_y),4,sudden,ESOS_ELM,371.8698132413,5584397926.4
sea_P(x_y),4,sudden,improved_UOB,8.290956000000001,435236864.0
sea_P(x_y),4,sudden,WEOB2,21.0144526,635767193.6
sea_P(x_y),4,sudden,UOB,7.4381231,562361548.8
sea_P(x_y),4,sudden,RebalanceStream,26.668838400000006,2791911014.4
sine_P(y),4,incremental,improved_OOB,6.0582679,505914982.4
sine_P(y),4,incremental,WEOB1,9.5689338,689242521.6
sine_P(y),4,incremental,OOB,8.295645100000002,537185075.2
sine_P(y),4,incremental,ESOS_ELM,263.4661833134,6592818380.8
sine_P(y),4,incremental,improved_UOB,4.8966716,329898325.3333333
sine_P(y),4,incremental,WEOB2,22.0146153,689242521.6
sine_P(y),4,incremental,UOB,8.121063399999999,475173273.6
sine_P(y),4,incremental,RebalanceStream,14.534393099999999,2225742643.2
sine_P(y),4,sudden,improved_OOB,7.773859400000001,431770282.6666667
sine_P(y),4,sudden,WEOB1,12.7095404,624166912.0
sine_P(y),4,sudden,OOB,8.8031104,577709670.4
sine_P(y),4,sudden,ESOS_ELM,259.5400938259,4899530193.454545
sine_P(y),4,sudden,improved_UOB,6.308149,400544563.2
sine_P(y),4,sudden,WEOB2,16.0386496,624166912.0
sine_P(y),4,sudden,UOB,8.8085239,587254169.6
sine_P(y),4,sudden,RebalanceStream,16.6244696,2113601126.4
sine_P(y),3,sudden,improved_OOB,7.2704173,557724876.8
sine_P(y),3,sudden,WEOB1,11.2516748,647655833.6
sine_P(y),3,sudden,OOB,9.675553500000001,611460710.4
sine_P(y),3,sudden,ESOS_ELM,275.08018018399997,7083309465.6
sine_P(y),3,sudden,improved_UOB,5.3929484,370468044.8
sine_P(y),3,sudden,WEOB2,19.1883582,647655833.6
sine_P(y),3,sudden,UOB,9.079265500000002,549269504.0
sine_P(y),3,sudden,RebalanceStream,16.8168917,1838893875.2
sine_P(y),3,incremental,improved_OOB,7.631755699999999,421806395.0769231
sine_P(y),3,incremental,WEOB1,11.7014419,658950144.0
sine_P(y),3,incremental,OOB,10.0167022,515216998.4
sine_P(y),3,incremental,ESOS_ELM,273.8700154113,6725993676.8
sine_P(y),3,incremental,improved_UOB,5.7071618,347827404.8
sine_P(y),3,incremental,WEOB2,19.437722299999997,658950144.0
sine_P(y),3,incremental,UOB,9.267729800000001,565956608.0
sine_P(y),3,incremental,RebalanceStream,14.5501024,1244401664.0
sine_P(y),1,sudden,improved_OOB,6.5139279000000005,560080076.8
sine_P(y),1,sudden,WEOB1,8.926542999999999,620889292.8
sine_P(y),1,sudden,OOB,8.0741876,581502156.8
sine_P(y),1,sudden,ESOS_ELM,343.71835744640003,7286066790.4
sine_P(y),1,sudden,improved_UOB,3.2915779,270514468.5714286
sine_P(y),1,sudden,WEOB2,12.860662600000001,620889292.8
sine_P(y),1,sudden,UOB,5.584660599999999,347019673.6
sine_P(y),1,sudden,RebalanceStream,16.8584065,3653526323.2
sine_P(y),1,incremental,improved_OOB,6.6444391,484561268.3636364
sine_P(y),1,incremental,WEOB1,9.527386599999998,628724531.2
sine_P(y),1,incremental,OOB,8.8279555,573449420.8
sine_P(y),1,incremental,ESOS_ELM,340.24061061660007,7058114969.6
sine_P(y),1,incremental,improved_UOB,3.6799833,300597248.0
sine_P(y),1,incremental,WEOB2,13.4167988,628724531.2
sine_P(y),1,incremental,UOB,5.954078,386681651.2
sine_P(y),1,incremental,RebalanceStream,12.8782994,1898400153.6
sine_P(y),2,incremental,improved_OOB,8.275485,542976409.6
sine_P(y),2,incremental,WEOB1,11.917431500000003,483686958.54545456
sine_P(y),2,incremental,OOB,9.0374817,529183539.2
sine_P(y),2,incremental,ESOS_ELM,308.44704053640004,7158282649.6
sine_P(y),2,incremental,improved_UOB,5.242419,307959808.0
sine_P(y),2,incremental,WEOB2,14.492486,483686958.54545456
sine_P(y),2,incremental,UOB,6.3959588,396491980.8
sine_P(y),2,incremental,RebalanceStream,13.2260233,1526111027.2
sine_P(y),2,sudden,improved_OOB,8.1322283,510195370.6666667
sine_P(y),2,sudden,WEOB1,11.739820400000001,688624844.8
sine_P(y),2,sudden,OOB,9.0470899,555896012.8
sine_P(y),2,sudden,ESOS_ELM,306.160906984,6740464435.2
sine_P(y),2,sudden,improved_UOB,5.0621043,326033408.0
sine_P(y),2,sudden,WEOB2,17.3778331,688624844.8
sine_P(y),2,sudden,UOB,6.2861323,404537344.0
sine_P(y),2,sudden,RebalanceStream,16.826304,1445029888.0
sine_P(y_x),4,incremental,improved_OOB,7.650004299999999,478141644.8
sine_P(y_x),4,incremental,WEOB1,12.8076544,600299110.4
sine_P(y_x),4,incremental,OOB,8.517862699999998,553138995.2
sine_P(y_x),4,incremental,ESOS_ELM,282.192524774,6795155046.4
sine_P(y_x),4,incremental,improved_UOB,6.2320667,354293946.1818182
sine_P(y_x),4,incremental,WEOB2,16.020709099999998,600299110.4
sine_P(y_x),4,incremental,UOB,6.928657399999999,391956070.4
sine_P(y_x),4,incremental,RebalanceStream,25.472799600000002,2797802291.2
sine_P(y_x),4,sudden,improved_OOB,7.199476,509074636.8
sine_P(y_x),4,sudden,WEOB1,11.6202302,587360665.6
sine_P(y_x),4,sudden,OOB,7.590031499999999,483445555.2
sine_P(y_x),4,sudden,ESOS_ELM,288.1050065796,7067862220.8
sine_P(y_x),4,sudden,improved_UOB,5.882085299999999,364333056.0
sine_P(y_x),4,sudden,WEOB2,14.907983699999999,587360665.6
sine_P(y_x),4,sudden,UOB,7.4848186,555745280.0
sine_P(y_x),4,sudden,RebalanceStream,24.821149300000002,2341357977.6
sine_P(y_x),3,sudden,improved_OOB,6.49923,540919398.4
sine_P(y_x),3,sudden,WEOB1,10.1016267,495206772.3636364
sine_P(y_x),3,sudden,OOB,8.613774699999999,598497280.0
sine_P(y_x),3,sudden,ESOS_ELM,287.38618911339995,6509505331.2
sine_P(y_x),3,sudden,improved_UOB,4.9396655,328199447.27272725
sine_P(y_x),3,sudden,WEOB2,14.7697272,495206772.3636364
sine_P(y_x),3,sudden,UOB,6.9568429,457345024.0
sine_P(y_x),3,sudden,RebalanceStream,24.6523861,2722010316.8
sine_P(y_x),3,incremental,improved_OOB,7.1237662,527224832.0
sine_P(y_x),3,incremental,WEOB1,11.207799099999999,492474368.0
sine_P(y_x),3,incremental,OOB,9.264782000000002,553620275.2
sine_P(y_x),3,incremental,ESOS_ELM,266.6537080792,6456401100.8
sine_P(y_x),3,incremental,improved_UOB,5.773357,359549337.6
sine_P(y_x),3,incremental,WEOB2,15.233147299999999,492474368.0
sine_P(y_x),3,incremental,UOB,6.985899399999999,455313408.0
sine_P(y_x),3,incremental,RebalanceStream,24.9952445,2838644736.0
sine_P(y_x),1,sudden,improved_OOB,7.7051052,558503526.4
sine_P(y_x),1,sudden,WEOB1,10.5073157,607314739.2
sine_P(y_x),1,sudden,OOB,8.8371985,572448358.4
sine_P(y_x),1,sudden,ESOS_ELM,308.4234025674,6407752908.8
sine_P(y_x),1,sudden,improved_UOB,3.8005211,328250709.3333333
sine_P(y_x),1,sudden,WEOB2,14.3108592,607314739.2
sine_P(y_x),1,sudden,UOB,4.5743282,272571904.0
sine_P(y_x),1,sudden,RebalanceStream,30.057361399999998,2356888669.090909
sine_P(y_x),1,incremental,improved_OOB,8.9526589,569340313.6
sine_P(y_x),1,incremental,WEOB1,12.6124984,492097536.0
sine_P(y_x),1,incremental,OOB,8.9068796,495908044.8
sine_P(y_x),1,incremental,ESOS_ELM,309.4895090833,7136830668.8
sine_P(y_x),1,incremental,improved_UOB,4.7798191,181257947.42857143
sine_P(y_x),1,incremental,WEOB2,14.1936103,492097536.0
sine_P(y_x),1,incremental,UOB,4.864795099999999,272085902.2222222
sine_P(y_x),1,incremental,RebalanceStream,25.2318199,2447303475.2
sine_P(y_x),2,incremental,improved_OOB,7.168554900000001,548178329.6
sine_P(y_x),2,incremental,WEOB1,10.7966935,645600460.8
sine_P(y_x),2,incremental,OOB,9.7087079,532817510.4
sine_P(y_x),2,incremental,ESOS_ELM,286.1988438984,6727258931.2
sine_P(y_x),2,incremental,improved_UOB,4.9693016000000005,339644006.4
sine_P(y_x),2,incremental,WEOB2,14.884747299999997,645600460.8
sine_P(y_x),2,incremental,UOB,6.396027200000001,357619712.0
sine_P(y_x),2,incremental,RebalanceStream,24.921557,2271333171.2
sine_P(y_x),2,sudden,improved_OOB,8.2539178,582616268.8
sine_P(y_x),2,sudden,WEOB1,12.259325200000001,628880588.8
sine_P(y_x),2,sudden,OOB,9.629812099999999,508804375.27272725
sine_P(y_x),2,sudden,ESOS_ELM,294.5099272463,5238862568.727273
sine_P(y_x),2,sudden,improved_UOB,5.1046516,294496814.54545456
sine_P(y_x),2,sudden,WEOB2,14.3687713,628880588.8
sine_P(y_x),2,sudden,UOB,5.729754000000001,302329446.4
sine_P(y_x),2,sudden,RebalanceStream,28.621812499999997,2547552665.6
sine_P(x_y),4,incremental,improved_OOB,8.7737485,363620937.14285713
sine_P(x_y),4,incremental,WEOB1,15.113587999999998,551544012.8
sine_P(x_y),4,incremental,OOB,8.4875652,515879731.2
sine_P(x_y),4,incremental,ESOS_ELM,272.9827800923,7077253529.6
sine_P(x_y),4,incremental,improved_UOB,7.142178800000001,386511257.6
sine_P(x_y),4,incremental,WEOB2,16.0782542,551544012.8
sine_P(x_y),4,incremental,UOB,7.4087046999999995,528447897.6
sine_P(x_y),4,incremental,RebalanceStream,28.7503064,2496795852.8
sine_P(x_y),4,sudden,improved_OOB,6.7229879,533465497.6
sine_P(x_y),4,sudden,WEOB1,11.3193754,599648665.6
sine_P(x_y),4,sudden,OOB,7.8488231,567959552.0
sine_P(x_y),4,sudden,ESOS_ELM,285.9646653613,7002083737.6
sine_P(x_y),4,sudden,improved_UOB,5.9142064,387673292.8
sine_P(x_y),4,sudden,WEOB2,15.7164582,599648665.6
sine_P(x_y),4,sudden,UOB,6.8218907,536607539.2
sine_P(x_y),4,sudden,RebalanceStream,23.8522041,2529716633.6
sine_P(x_y),3,sudden,improved_OOB,5.8431922,611786342.4
sine_P(x_y),3,sudden,WEOB1,9.2967103,555637555.2
sine_P(x_y),3,sudden,OOB,8.985119899999999,617924608.0
sine_P(x_y),3,sudden,ESOS_ELM,272.32712004030003,7122055168.0
sine_P(x_y),3,sudden,improved_UOB,4.3936153000000004,304056729.6
sine_P(x_y),3,sudden,WEOB2,14.986632600000002,555637555.2
sine_P(x_y),3,sudden,UOB,6.3737009,416403456.0
sine_P(x_y),3,sudden,RebalanceStream,24.6553537,2547368755.2
sine_P(x_y),3,incremental,improved_OOB,9.055507,471384473.6
sine_P(x_y),3,incremental,WEOB1,15.027030400000001,622905753.6
sine_P(x_y),3,incremental,OOB,8.634290799999999,513471283.2
sine_P(x_y),3,incremental,ESOS_ELM,287.07573495929995,5887538269.090909
sine_P(x_y),3,incremental,improved_UOB,6.5184043,356168499.2
sine_P(x_y),3,incremental,WEOB2,15.803823099999999,622905753.6
sine_P(x_y),3,incremental,UOB,6.1355049,353266073.6
sine_P(x_y),3,incremental,RebalanceStream,24.4195122,2702723891.2
sine_P(x_y),1,sudden,improved_OOB,6.0933908,459896012.8
sine_P(x_y),1,sudden,WEOB1,7.949043900000001,632329830.4
sine_P(x_y),1,sudden,OOB,8.5773283,535103897.6
sine_P(x_y),1,sudden,ESOS_ELM,311.95955736100007,6376747417.6
sine_P(x_y),1,sudden,improved_UOB,2.7403236,323492522.6666667
sine_P(x_y),1,sudden,WEOB2,25.183023900000002,632329830.4
sine_P(x_y),1,sudden,UOB,4.3064116,319045632.0
sine_P(x_y),1,sudden,RebalanceStream,28.389982200000002,2820187750.4
sine_P(x_y),1,incremental,improved_OOB,6.897161199999999,398549307.0769231
sine_P(x_y),1,incremental,WEOB1,8.8977334,602631372.8
sine_P(x_y),1,incremental,OOB,8.9050049,527626240.0
sine_P(x_y),1,incremental,ESOS_ELM,304.550030102,5908322304.0
sine_P(x_y),1,incremental,improved_UOB,3.2808664999999997,330679910.4
sine_P(x_y),1,incremental,WEOB2,25.134959,602631372.8
sine_P(x_y),1,incremental,UOB,4.3131997,309577728.0
sine_P(x_y),1,incremental,RebalanceStream,27.229733799999998,2793748889.6
sine_P(x_y),2,incremental,improved_OOB,6.6926243,598831513.6
sine_P(x_y),2,incremental,WEOB1,9.6184077,465886114.90909094
sine_P(x_y),2,incremental,OOB,9.204424099999999,444464469.3333333
sine_P(x_y),2,incremental,ESOS_ELM,306.57294236340005,7150746009.6
sine_P(x_y),2,incremental,improved_UOB,4.3836073,265205077.33333334
sine_P(x_y),2,incremental,WEOB2,15.0564084,465886114.90909094
sine_P(x_y),2,incremental,UOB,5.4107317,294898892.8
sine_P(x_y),2,incremental,RebalanceStream,24.9100772,2308039400.7272725
sine_P(x_y),2,sudden,improved_OOB,7.4790025,508011724.8
sine_P(x_y),2,sudden,WEOB1,10.4316832,647497728.0
sine_P(x_y),2,sudden,OOB,10.215037500000001,617619865.6
sine_P(x_y),2,sudden,ESOS_ELM,297.70484317439997,6631128678.4
sine_P(x_y),2,sudden,improved_UOB,4.7467512,320038092.8
sine_P(x_y),2,sudden,WEOB2,15.2825592,647497728.0
sine_P(x_y),2,sudden,UOB,5.8621666,319750963.2
sine_P(x_y),2,sudden,RebalanceStream,27.125597199999998,2770617548.8
jitter,1,incremental,improved_OOB,8.130513,428799527.38461536
jitter,1,incremental,WEOB1,13.498409666666666,552448409.6
jitter,1,incremental,CSMOTE,260.05270466666667,1247697715.2
jitter,1,incremental,OOB,10.198893333333332,585555558.4
jitter,1,incremental,ESOS_ELM,308.7985927243333,6548980531.2
jitter,1,incremental,improved_UOB,3.7706803333333334,201259008.0
jitter,1,incremental,WEOB2,13.562688000000001,552448409.6
jitter,1,incremental,UOB,4.824422333333334,299009638.4
jitter,1,incremental,RebalanceStream,6.994265666666666,2812752691.2
jitter,1,sudden,improved_OOB,19.544876666666664,317627671.27272725
jitter,1,sudden,WEOB1,13.526271,523723496.72727275
jitter,1,sudden,CSMOTE,324.382656,1235768115.2
jitter,1,sudden,OOB,9.937821999999999,423961804.8
jitter,1,sudden,ESOS_ELM,346.6107552413334,6971691008.0
jitter,1,sudden,improved_UOB,3.6798606666666664,248896853.33333334
jitter,1,sudden,WEOB2,12.270013666666665,523723496.72727275
jitter,1,sudden,UOB,4.868160333333333,312702976.0
jitter,1,sudden,RebalanceStream,5.850481333333334,2561302155.6363635
jitter,1,periodic,improved_OOB,11.376499,444289768.72727275
jitter,1,periodic,WEOB1,12.342025333333334,470611037.09090906
jitter,1,periodic,CSMOTE,297.7984016666667,1245123677.090909
jitter,1,periodic,OOB,12.794111000000001,546993356.8
jitter,1,periodic,ESOS_ELM,312.37714415000005,5891377338.181818
jitter,1,periodic,improved_UOB,6.893364000000001,275329706.6666667
jitter,1,periodic,WEOB2,12.739488,470611037.09090906
jitter,1,periodic,UOB,4.953889666666666,305916586.6666667
jitter,1,periodic,RebalanceStream,6.349476333333334,2277977292.8
jitter,2,incremental,improved_OOB,9.937370666666666,541730406.4
jitter,2,incremental,WEOB1,14.691943333333333,600829132.8
jitter,2,incremental,CSMOTE,356.17316733333337,973451264.0
jitter,2,incremental,OOB,11.070897666666667,428581608.72727275
jitter,2,incremental,ESOS_ELM,302.405105237,5062232405.333333
jitter,2,incremental,improved_UOB,5.569773333333334,295438745.6
jitter,2,incremental,WEOB2,14.721832999999998,600829132.8
jitter,2,incremental,UOB,5.840951666666666,255954571.63636363
jitter,2,incremental,RebalanceStream,33.379586999999994,2832621568.0
jitter,2,sudden,improved_OOB,9.948546333333333,327940437.3333333
jitter,2,sudden,WEOB1,14.174206333333332,474263552.0
jitter,2,sudden,CSMOTE,383.53077333333334,1030250496.0
jitter,2,sudden,OOB,11.190249666666666,448901529.6
jitter,2,sudden,ESOS_ELM,286.14115569166665,5545022070.153846
jitter,2,sudden,improved_UOB,5.622951666666666,259348293.8181818
jitter,2,sudden,WEOB2,14.212545666666665,474263552.0
jitter,2,sudden,UOB,6.142959,319394611.2
jitter,2,sudden,RebalanceStream,34.45438166666667,2116368942.5454545
jitter,2,periodic,improved_OOB,10.297372666666666,493974732.8
jitter,2,periodic,WEOB1,14.247782333333333,380595346.28571427
jitter,2,periodic,CSMOTE,372.18027266666667,962518220.8
jitter,2,periodic,OOB,11.188715,536218419.2
jitter,2,periodic,ESOS_ELM,312.99900882066663,5273030997.333333
jitter,2,periodic,improved_UOB,5.557994,348397568.0
jitter,2,periodic,WEOB2,14.202558000000002,380595346.28571427
jitter,2,periodic,UOB,5.697691333333334,297659187.2
jitter,2,periodic,RebalanceStream,34.43628833333333,2836797440.0
jitter,3,incremental,improved_OOB,10.409146999999999,411147878.4
jitter,3,incremental,WEOB1,16.130629,546072985.6
jitter,3,incremental,CSMOTE,494.3833683333334,922028032.0
jitter,3,incremental,OOB,12.573229,562348441.6
jitter,3,incremental,ESOS_ELM,272.91843359700005,7134245273.6
jitter,3,incremental,improved_UOB,7.755890999999999,353644134.4
jitter,3,incremental,WEOB2,15.793728333333334,546072985.6
jitter,3,incremental,UOB,7.196510000000001,358287769.6
jitter,3,incremental,RebalanceStream,33.71725433333334,2112163467.6363637
jitter,3,sudden,improved_OOB,10.476497333333333,381162837.3333333
jitter,3,sudden,WEOB1,17.017264333333333,488137448.72727275
jitter,3,sudden,CSMOTE,506.90088466666674,822417966.5454545
jitter,3,sudden,OOB,12.386840666666666,489351168.0
jitter,3,sudden,ESOS_ELM,281.55292306766665,5458515180.307693
jitter,3,sudden,improved_UOB,7.233899,287063691.6363636
jitter,3,sudden,WEOB2,15.397631666666667,488137448.72727275
jitter,3,sudden,UOB,7.487184999999999,276612300.8
jitter,3,sudden,RebalanceStream,32.599234333333335,2156797952.0
jitter,3,periodic,improved_OOB,10.488796666666666,344757101.71428573
jitter,3,periodic,WEOB1,16.634131999999997,651346329.6
jitter,3,periodic,CSMOTE,507.3749383333333,935498137.6
jitter,3,periodic,OOB,12.141020333333335,338679621.8181818
jitter,3,periodic,ESOS_ELM,273.10187660566663,6558735564.8
jitter,3,periodic,improved_UOB,7.459959333333333,275915382.15384614
jitter,3,periodic,WEOB2,15.479286,651346329.6
jitter,3,periodic,UOB,6.877680333333333,340593459.2
jitter,3,periodic,RebalanceStream,32.720007333333335,2555074969.6
jitter,4,incremental,improved_OOB,8.963870666666667,355576595.6923077
jitter,4,incremental,WEOB1,17.57704,448141312.0
jitter,4,incremental,CSMOTE,544.927748,960474316.8
jitter,4,incremental,OOB,10.508458333333333,365168826.1818182
jitter,4,incremental,ESOS_ELM,299.00988876366665,6356140032.0
jitter,4,incremental,improved_UOB,6.955351333333334,383357672.72727275
jitter,4,incremental,WEOB2,16.98851833333333,448141312.0
jitter,4,incremental,UOB,9.179933666666667,494435532.8
jitter,4,incremental,RebalanceStream,31.50085633333333,2119814423.2727273
jitter,4,sudden,improved_OOB,9.338513666666666,352284330.6666667
jitter,4,sudden,WEOB1,17.139461666666666,556072550.4
jitter,4,sudden,CSMOTE,551.8797679999999,1096845312.0
jitter,4,sudden,OOB,11.333166333333333,424997273.6
jitter,4,sudden,ESOS_ELM,267.4492540986667,6716636774.4
jitter,4,sudden,improved_UOB,6.992673666666666,353647411.2
jitter,4,sudden,WEOB2,16.515833999999998,556072550.4
jitter,4,sudden,UOB,9.117008666666667,454745702.4
jitter,4,sudden,RebalanceStream,30.372404666666668,2312564363.6363635
jitter,4,periodic,improved_OOB,9.024906666666666,499694387.2
jitter,4,periodic,WEOB1,16.816064333333333,520464793.6
jitter,4,periodic,CSMOTE,536.6061970000001,961199308.8
jitter,4,periodic,OOB,11.150903666666666,463237120.0
jitter,4,periodic,ESOS_ELM,295.2676170363334,5216278370.461538
jitter,4,periodic,improved_UOB,6.973713666666668,364071321.6
jitter,4,periodic,WEOB2,17.049046999999998,520464793.6
jitter,4,periodic,UOB,9.912675666666667,546931916.8
jitter,4,periodic,RebalanceStream,31.435983000000004,2828077056.0
disappearing-minority,1,incremental,improved_OOB,7.0702153333333335,468642201.6
disappearing-minority,1,incremental,WEOB1,10.393379666666666,553205760.0
disappearing-minority,1,incremental,CSMOTE,205.34296766666668,1477150310.4
disappearing-minority,1,incremental,OOB,7.39046,454157107.2
disappearing-minority,1,incremental,ESOS_ELM,266.17106364433334,6030386176.0
disappearing-minority,1,incremental,improved_UOB,2.5690846666666665,232593115.42857143
disappearing-minority,1,incremental,WEOB2,9.858167333333334,553205760.0
disappearing-minority,1,incremental,UOB,3.5122370000000003,238960640.0
disappearing-minority,1,incremental,RebalanceStream,4.98666,1993419161.6
disappearing-minority,1,sudden,improved_OOB,11.587553999999999,357013913.6
disappearing-minority,1,sudden,WEOB1,8.964222666666666,449659997.09090906
disappearing-minority,1,sudden,CSMOTE,100.264947,1315088942.5454545
disappearing-minority,1,sudden,OOB,6.309744333333334,420079616.0
disappearing-minority,1,sudden,ESOS_ELM,259.11176274300004,4404941970.285714
disappearing-minority,1,sudden,improved_UOB,2.773714333333333,289203931.4285714
disappearing-minority,1,sudden,WEOB2,7.944169,449659997.09090906
disappearing-minority,1,sudden,UOB,3.614744333333333,251500836.57142857
disappearing-minority,1,sudden,RebalanceStream,5.249374333333333,3206060851.2
disappearing-minority,1,periodic,improved_OOB,9.112652333333335,432486400.0
disappearing-minority,1,periodic,WEOB1,11.265692999999999,493561669.8181818
disappearing-minority,1,periodic,CSMOTE,208.006454,1190167756.8
disappearing-minority,1,periodic,OOB,10.526292,512164659.2
disappearing-minority,1,periodic,ESOS_ELM,303.163332668,5626115623.384615
disappearing-minority,1,periodic,improved_UOB,6.2342276666666665,275046400.0
disappearing-minority,1,periodic,WEOB2,11.346939333333333,493561669.8181818
disappearing-minority,1,periodic,UOB,4.343183666666667,317476864.0
disappearing-minority,1,periodic,RebalanceStream,4.6417676666666665,1730982297.6
disappearing-minority,2,incremental,improved_OOB,6.745995000000001,366643386.1818182
disappearing-minority,2,incremental,WEOB1,9.958732333333334,391186274.46153843
disappearing-minority,2,incremental,CSMOTE,182.47394999999997,1166207795.2
disappearing-minority,2,incremental,OOB,7.724469666666667,466737152.0
disappearing-minority,2,incremental,ESOS_ELM,245.117358833,5865773242.181818
disappearing-minority,2,incremental,improved_UOB,3.7280926666666665,232593115.42857143
disappearing-minority,2,incremental,WEOB2,9.890696333333333,391186274.46153843
disappearing-minority,2,incremental,UOB,4.453746333333333,303492096.0
disappearing-minority,2,incremental,RebalanceStream,16.73241133333333,1620800307.2
disappearing-minority,2,sudden,improved_OOB,6.123207000000001,349241344.0
disappearing-minority,2,sudden,WEOB1,9.194997666666666,560604774.4
disappearing-minority,2,sudden,CSMOTE,96.88833066666666,1052760064.0
disappearing-minority,2,sudden,OOB,6.941568333333334,445519462.4
disappearing-minority,2,sudden,ESOS_ELM,249.35197514533334,6731005952.0
disappearing-minority,2,sudden,improved_UOB,3.7806193333333336,289203931.4285714
disappearing-minority,2,sudden,WEOB2,9.127799000000001,560604774.4
disappearing-minority,2,sudden,UOB,4.515500333333333,314950314.6666667
disappearing-minority,2,sudden,RebalanceStream,19.741099666666667,1928277606.4
disappearing-minority,2,periodic,improved_OOB,8.518931333333333,423959405.71428573
disappearing-minority,2,periodic,WEOB1,13.21663,416905216.0
disappearing-minority,2,periodic,CSMOTE,220.15874,854662348.8
disappearing-minority,2,periodic,OOB,9.495275,514333081.6
disappearing-minority,2,periodic,ESOS_ELM,269.34319954566666,6339111321.6
disappearing-minority,2,periodic,improved_UOB,5.049746,255764480.0
disappearing-minority,2,periodic,WEOB2,12.881118666666667,416905216.0
disappearing-minority,2,periodic,UOB,5.588013,286138368.0
disappearing-minority,2,periodic,RebalanceStream,16.788479666666667,1307067596.8
disappearing-minority,3,incremental,improved_OOB,7.729610000000001,372171496.72727275
disappearing-minority,3,incremental,WEOB1,11.147993333333332,600579276.8
disappearing-minority,3,incremental,CSMOTE,165.13981500000003,956608512.0
disappearing-minority,3,incremental,OOB,8.778819,502678323.2
disappearing-minority,3,incremental,ESOS_ELM,242.14444303733333,6474854400.0
disappearing-minority,3,incremental,improved_UOB,4.978400333333333,210144694.85714287
disappearing-minority,3,incremental,WEOB2,10.714115333333334,600579276.8
disappearing-minority,3,incremental,UOB,4.878899666666666,329573580.8
disappearing-minority,3,incremental,RebalanceStream,16.371895333333335,1490194432.0
disappearing-minority,3,sudden,improved_OOB,6.544156666666666,377389056.0
disappearing-minority,3,sudden,WEOB1,10.135262333333332,516751360.0
disappearing-minority,3,sudden,CSMOTE,136.12422333333333,976378042.1818181
disappearing-minority,3,sudden,OOB,7.7170596666666675,464688742.4
disappearing-minority,3,sudden,ESOS_ELM,244.27996462033332,4655113452.307693
disappearing-minority,3,sudden,improved_UOB,4.774458333333333,255776085.33333334
disappearing-minority,3,sudden,WEOB2,9.688022666666667,516751360.0
disappearing-minority,3,sudden,UOB,4.738010999999999,320496025.6
disappearing-minority,3,sudden,RebalanceStream,18.774114,1438652229.8181818
disappearing-minority,3,periodic,improved_OOB,9.139692,530097356.8
disappearing-minority,3,periodic,WEOB1,13.958621666666666,507484346.1818182
disappearing-minority,3,periodic,CSMOTE,246.997604,844599705.6
disappearing-minority,3,periodic,OOB,10.618002333333331,507778252.8
disappearing-minority,3,periodic,ESOS_ELM,251.70331357500004,5431616170.666667
disappearing-minority,3,periodic,improved_UOB,6.564806666666667,395261952.0
disappearing-minority,3,periodic,WEOB2,13.883927,507484346.1818182
disappearing-minority,3,periodic,UOB,6.538889,316827648.0
disappearing-minority,3,periodic,RebalanceStream,16.573674999999998,1491129548.8
disappearing-minority,4,incremental,improved_OOB,6.2833413333333334,308004864.0
disappearing-minority,4,incremental,WEOB1,11.32391,497711290.1818182
disappearing-minority,4,incremental,CSMOTE,134.26691466666668,1336001740.8
disappearing-minority,4,incremental,OOB,6.6146156666666664,434430361.6
disappearing-minority,4,incremental,ESOS_ELM,244.31506321999998,4501923072.0
disappearing-minority,4,incremental,improved_UOB,4.979008666666666,306994380.8
disappearing-minority,4,incremental,WEOB2,11.025107666666669,497711290.1818182
disappearing-minority,4,incremental,UOB,6.577613333333333,375244800.0
disappearing-minority,4,incremental,RebalanceStream,15.431401333333334,2544272588.8
disappearing-minority,4,sudden,improved_OOB,5.625184999999999,267286685.53846154
disappearing-minority,4,sudden,WEOB1,9.049982333333332,363252589.71428573
disappearing-minority,4,sudden,CSMOTE,143.66903333333332,1306483507.2
disappearing-minority,4,sudden,OOB,5.591889666666667,357149081.6
disappearing-minority,4,sudden,ESOS_ELM,245.68950505566667,7087842918.4
disappearing-minority,4,sudden,improved_UOB,4.588273,292206592.0
disappearing-minority,4,sudden,WEOB2,10.096758000000001,363252589.71428573
disappearing-minority,4,sudden,UOB,6.121123999999999,376752947.2
disappearing-minority,4,sudden,RebalanceStream,18.108731000000002,2436363059.2
disappearing-minority,4,periodic,improved_OOB,7.644400666666667,493944087.27272725
disappearing-minority,4,periodic,WEOB1,13.934308,434885290.6666667
disappearing-minority,4,periodic,CSMOTE,234.43007533333335,966599884.8
disappearing-minority,4,periodic,OOB,8.124081333333335,498943180.8
disappearing-minority,4,periodic,ESOS_ELM,251.89986352166667,6733762150.4
disappearing-minority,4,periodic,improved_UOB,6.708536666666666,429983744.0
disappearing-minority,4,periodic,WEOB2,14.679921333333333,434885290.6666667
disappearing-minority,4,periodic,UOB,7.917607,437329510.4
disappearing-minority,4,periodic,RebalanceStream,15.642054666666667,2554054656.0
appearing-minority,1,incremental,improved_OOB,6.549853,364068864.0
appearing-minority,1,incremental,WEOB1,8.953686,461452753.45454544
appearing-minority,1,incremental,CSMOTE,60.570399333333334,1831844249.6
appearing-minority,1,incremental,OOB,6.524565,392989900.8
appearing-minority,1,incremental,ESOS_ELM,252.0736107683333,5838787505.230769
appearing-minority,1,incremental,improved_UOB,2.5318850000000004,161181696.0
appearing-minority,1,incremental,WEOB2,8.395305666666667,461452753.45454544
appearing-minority,1,incremental,UOB,3.879609666666667,244259498.66666666
appearing-minority,1,incremental,RebalanceStream,4.709218333333332,1618176409.6
appearing-minority,1,sudden,improved_OOB,11.034092666666666,306372608.0
appearing-minority,1,sudden,WEOB1,8.554198,539853172.3636364
appearing-minority,1,sudden,CSMOTE,64.87166966666666,1845090304.0
appearing-minority,1,sudden,OOB,6.143041333333334,388322099.2
appearing-minority,1,sudden,ESOS_ELM,254.387427664,5831115093.333333
appearing-minority,1,sudden,improved_UOB,2.301643,73389397.33333333
appearing-minority,1,sudden,WEOB2,7.999515333333332,539853172.3636364
appearing-minority,1,sudden,UOB,3.7234806666666667,310444032.0
appearing-minority,1,sudden,RebalanceStream,4.809953,2504774860.8
appearing-minority,1,periodic,improved_OOB,4.706534,287190220.8
appearing-minority,1,periodic,WEOB1,6.1247766666666665,462058961.45454544
appearing-minority,1,periodic,CSMOTE,22.998137,1715063193.6
appearing-minority,1,periodic,OOB,6.167608333333334,336488448.0
appearing-minority,1,periodic,ESOS_ELM,243.8493408093333,7131859353.6
appearing-minority,1,periodic,improved_UOB,2.528432,0.0
appearing-minority,1,periodic,WEOB2,6.547732,462058961.45454544
appearing-minority,1,periodic,UOB,2.9500803333333336,268783030.85714287
appearing-minority,1,periodic,RebalanceStream,3.910918,2083621683.2
appearing-minority,2,incremental,improved_OOB,6.525488,398617804.8
appearing-minority,2,incremental,WEOB1,9.333840333333333,542322688.0
appearing-minority,2,incremental,CSMOTE,97.77736366666666,1502344806.4
appearing-minority,2,incremental,OOB,7.297842666666667,441015910.4
appearing-minority,2,incremental,ESOS_ELM,267.11847490433337,5712096597.333333
appearing-minority,2,incremental,improved_UOB,3.3129950000000004,161181696.0
appearing-minority,2,incremental,WEOB2,8.843128666666667,542322688.0
appearing-minority,2,incremental,UOB,4.862023333333333,333049400.8888889
appearing-minority,2,incremental,RebalanceStream,17.119888,2253676134.4
appearing-minority,2,sudden,improved_OOB,6.007813333333334,320725736.72727275
appearing-minority,2,sudden,WEOB1,8.053587333333333,510310586.1818182
appearing-minority,2,sudden,CSMOTE,95.88888066666665,1830988595.2
appearing-minority,2,sudden,OOB,6.714769,457193472.0
appearing-minority,2,sudden,ESOS_ELM,264.7255289643333,5442477056.0
appearing-minority,2,sudden,improved_UOB,3.327158666666667,265472000.0
appearing-minority,2,sudden,WEOB2,8.071792333333333,510310586.1818182
appearing-minority,2,sudden,UOB,4.398541000000001,292424908.8
appearing-minority,2,sudden,RebalanceStream,19.30295633333333,4312973312.0
appearing-minority,2,periodic,improved_OOB,5.331983,301496133.8181818
appearing-minority,2,periodic,WEOB1,6.700359,503640064.0
appearing-minority,2,periodic,CSMOTE,21.221539000000003,1755480473.6
appearing-minority,2,periodic,OOB,5.514326,279175168.0
appearing-minority,2,periodic,ESOS_ELM,246.316749103,5624571562.666667
appearing-minority,2,periodic,improved_UOB,1.9842009999999999,0.0
appearing-minority,2,periodic,WEOB2,6.568726000000001,503640064.0
appearing-minority,2,periodic,UOB,3.276814,172632064.0
appearing-minority,2,periodic,RebalanceStream,16.302622,1649036567.2727273
appearing-minority,3,incremental,improved_OOB,6.921774333333334,338424925.09090906
appearing-minority,3,incremental,WEOB1,10.396229,492009285.8181818
appearing-minority,3,incremental,CSMOTE,126.264072,1674727424.0
appearing-minority,3,incremental,OOB,7.8822123333333325,452157849.6
appearing-minority,3,incremental,ESOS_ELM,269.50736187833337,5249975149.714286
appearing-minority,3,incremental,improved_UOB,4.441871666666667,253577625.6
appearing-minority,3,incremental,WEOB2,9.558454333333332,492009285.8181818
appearing-minority,3,incremental,UOB,5.216875666666667,327306035.2
appearing-minority,3,incremental,RebalanceStream,17.2112,1887818956.8
appearing-minority,3,sudden,improved_OOB,6.411903,260122331.42857143
appearing-minority,3,sudden,WEOB1,9.329594,481433442.46153843
appearing-minority,3,sudden,CSMOTE,131.28640399999998,1547193139.2
appearing-minority,3,sudden,OOB,7.166349333333333,442669465.6
appearing-minority,3,sudden,ESOS_ELM,270.3847603763333,6117507754.666667
appearing-minority,3,sudden,improved_UOB,4.300037666666667,333215744.0
appearing-minority,3,sudden,WEOB2,9.116862,481433442.46153843
appearing-minority,3,sudden,UOB,5.037797333333334,361016115.2
appearing-minority,3,sudden,RebalanceStream,19.626926666666666,3523133849.6
appearing-minority,3,periodic,improved_OOB,5.824362333333333,280941288.72727275
appearing-minority,3,periodic,WEOB1,7.3108146666666665,420358616.61538464
appearing-minority,3,periodic,CSMOTE,22.76306466666667,1608875622.4
appearing-minority,3,periodic,OOB,6.182665666666666,309842292.3636364
appearing-minority,3,periodic,ESOS_ELM,242.845407345,4537975125.333333
appearing-minority,3,periodic,improved_UOB,2.3009296666666663,90264576.0
appearing-minority,3,periodic,WEOB2,6.987717,420358616.61538464
appearing-minority,3,periodic,UOB,3.3003029999999995,283668480.0
appearing-minority,3,periodic,RebalanceStream,16.359038666666667,3853584384.0
appearing-minority,4,incremental,improved_OOB,5.908592666666666,258296280.6153846
appearing-minority,4,incremental,WEOB1,9.67914,545447563.6363636
appearing-minority,4,incremental,CSMOTE,129.52129466666668,1826347827.2
appearing-minority,4,incremental,OOB,7.116460666666666,469476556.8
appearing-minority,4,incremental,ESOS_ELM,270.66236850533335,5691516770.461538
appearing-minority,4,incremental,improved_UOB,4.342707666666667,291761803.6363636
appearing-minority,4,incremental,WEOB2,10.027525666666667,545447563.6363636
appearing-minority,4,incremental,UOB,5.582098333333332,279404544.0
appearing-minority,4,incremental,RebalanceStream,16.144679,2308796006.4
appearing-minority,4,sudden,improved_OOB,5.3659083333333335,358528204.8
appearing-minority,4,sudden,WEOB1,9.137019,628471808.0
appearing-minority,4,sudden,CSMOTE,136.667417,1652318580.3636363
appearing-minority,4,sudden,OOB,6.655612333333333,413241344.0
appearing-minority,4,sudden,ESOS_ELM,278.622710979,6796768349.090909
appearing-minority,4,sudden,improved_UOB,4.154645333333333,221532160.0
appearing-minority,4,sudden,WEOB2,9.407449999999999,628471808.0
appearing-minority,4,sudden,UOB,5.260179666666667,327703347.2
appearing-minority,4,sudden,RebalanceStream,17.930668999999998,3887533260.8
appearing-minority,4,periodic,improved_OOB,5.071516,337726259.2
appearing-minority,4,periodic,WEOB1,7.125482666666666,579647897.6
appearing-minority,4,periodic,CSMOTE,19.020382,1759980748.8
appearing-minority,4,periodic,OOB,6.0643426666666675,373783756.8
appearing-minority,4,periodic,ESOS_ELM,248.296524836,5604462933.333333
appearing-minority,4,periodic,improved_UOB,2.087470666666667,90264576.0
appearing-minority,4,periodic,WEOB2,6.953676000000001,579647897.6
appearing-minority,4,periodic,UOB,3.090178333333333,210029056.0
appearing-minority,4,periodic,RebalanceStream,15.510840333333332,3672183603.2
appearing-clusters,1,incremental,improved_OOB,8.076707666666666,504768512.0
appearing-clusters,1,incremental,WEOB1,11.462070666666667,574939545.6
appearing-clusters,1,incremental,CSMOTE,220.878924,1356259328.0
appearing-clusters,1,incremental,OOB,7.901689999999999,584322252.8
appearing-clusters,1,incremental,ESOS_ELM,310.59121678133334,7219167641.6
appearing-clusters,1,incremental,improved_UOB,3.520980666666667,179892224.0
appearing-clusters,1,incremental,WEOB2,11.136242000000001,574939545.6
appearing-clusters,1,incremental,UOB,4.559537666666667,325744640.0
appearing-clusters,1,incremental,RebalanceStream,6.865095,2080136806.4
appearing-clusters,1,sudden,improved_OOB,15.901963333333333,484358144.0
appearing-clusters,1,sudden,WEOB1,11.421958333333334,632516608.0
appearing-clusters,1,sudden,CSMOTE,216.96452100000002,1341536665.6
appearing-clusters,1,sudden,OOB,8.554329666666666,528476160.0
appearing-clusters,1,sudden,ESOS_ELM,306.04236355766665,6333909550.545455
appearing-clusters,1,sudden,improved_UOB,3.5362120000000004,312578048.0
appearing-clusters,1,sudden,WEOB2,10.267033333333332,632516608.0
appearing-clusters,1,sudden,UOB,4.389745333333333,320552960.0
appearing-clusters,1,sudden,RebalanceStream,5.746952333333333,2824113766.4
appearing-clusters,1,periodic,improved_OOB,8.153927666666666,342189607.38461536
appearing-clusters,1,periodic,WEOB1,9.874625,602710016.0
appearing-clusters,1,periodic,CSMOTE,221.65293933333336,1205708390.4
appearing-clusters,1,periodic,OOB,9.565485333333333,501689139.2
appearing-clusters,1,periodic,ESOS_ELM,271.38707772566664,5377676209.230769
appearing-clusters,1,periodic,improved_UOB,3.6534600000000004,232750592.0
appearing-clusters,1,periodic,WEOB2,10.531647999999999,602710016.0
appearing-clusters,1,periodic,UOB,4.396993666666667,333589504.0
appearing-clusters,1,periodic,RebalanceStream,6.15393,2276620101.818182
appearing-clusters,2,incremental,improved_OOB,7.507571666666666,516119347.2
appearing-clusters,2,incremental,WEOB1,11.549216666666666,441570225.2307692
appearing-clusters,2,incremental,CSMOTE,380.022581,919370956.8
appearing-clusters,2,incremental,OOB,8.713289999999999,536763596.8
appearing-clusters,2,incremental,ESOS_ELM,297.1403629806667,6424318771.2
appearing-clusters,2,incremental,improved_UOB,4.948923333333334,283614859.6363636
appearing-clusters,2,incremental,WEOB2,11.865108666666666,441570225.2307692
appearing-clusters,2,incremental,UOB,5.669613666666667,307450265.6
appearing-clusters,2,incremental,RebalanceStream,35.456559,2828435865.6
appearing-clusters,2,sudden,improved_OOB,7.731309333333333,414305186.90909094
appearing-clusters,2,sudden,WEOB1,11.499623666666666,540856661.3333334
appearing-clusters,2,sudden,CSMOTE,396.78624833333333,1012930150.4
appearing-clusters,2,sudden,OOB,8.908867666666668,574015488.0
appearing-clusters,2,sudden,ESOS_ELM,303.60077364,5634643558.4
appearing-clusters,2,sudden,improved_UOB,5.160055666666667,349822566.4
appearing-clusters,2,sudden,WEOB2,11.370866999999999,540856661.3333334
appearing-clusters,2,sudden,UOB,5.388366333333333,333617152.0
appearing-clusters,2,sudden,RebalanceStream,35.884223666666664,2831753625.6
appearing-clusters,2,periodic,improved_OOB,7.659563000000001,447063505.45454544
appearing-clusters,2,periodic,WEOB1,11.613414666666666,601393152.0
appearing-clusters,2,periodic,CSMOTE,351.73667099999994,969909862.4
appearing-clusters,2,periodic,OOB,8.855948333333334,551249100.8
appearing-clusters,2,periodic,ESOS_ELM,250.52479364,5964277077.333333
appearing-clusters,2,periodic,improved_UOB,4.966887666666667,265641984.0
appearing-clusters,2,periodic,WEOB2,11.424501666666666,601393152.0
appearing-clusters,2,periodic,UOB,5.445792666666667,342526771.2
appearing-clusters,2,periodic,RebalanceStream,35.413783333333335,2601474048.0
appearing-clusters,3,incremental,improved_OOB,8.613842666666665,541595648.0
appearing-clusters,3,incremental,WEOB1,12.939084666666666,459748072.72727275
appearing-clusters,3,incremental,CSMOTE,443.79700599999995,865012121.6
appearing-clusters,3,incremental,OOB,8.733882333333334,497425612.8
appearing-clusters,3,incremental,ESOS_ELM,284.43905736799996,4689166921.142858
appearing-clusters,3,incremental,improved_UOB,6.290747333333333,283588765.53846157
appearing-clusters,3,incremental,WEOB2,13.34614,459748072.72727275
appearing-clusters,3,incremental,UOB,6.854876999999999,389596364.8
appearing-clusters,3,incremental,RebalanceStream,34.30823233333333,2648493670.4
appearing-clusters,3,sudden,improved_OOB,8.033046333333333,389249210.1818182
appearing-clusters,3,sudden,WEOB1,13.248821,525007406.54545456
appearing-clusters,3,sudden,CSMOTE,455.36978266666665,894243635.2
appearing-clusters,3,sudden,OOB,8.970072666666667,543366758.4
appearing-clusters,3,sudden,ESOS_ELM,286.902645097,5907509930.666667
appearing-clusters,3,sudden,improved_UOB,6.556501666666667,287974636.3076923
appearing-clusters,3,sudden,WEOB2,13.292806333333333,525007406.54545456
appearing-clusters,3,sudden,UOB,6.877342666666666,505624166.4
appearing-clusters,3,sudden,RebalanceStream,34.212258999999996,2607049113.6
appearing-clusters,3,periodic,improved_OOB,8.526753999999999,464753757.09090906
appearing-clusters,3,periodic,WEOB1,13.551700333333335,470973440.0
appearing-clusters,3,periodic,CSMOTE,477.0259096666667,898076262.4
appearing-clusters,3,periodic,OOB,8.800504333333333,367445606.4
appearing-clusters,3,periodic,ESOS_ELM,237.483054376,6464776601.6
appearing-clusters,3,periodic,improved_UOB,6.557779333333333,345435415.27272725
appearing-clusters,3,periodic,WEOB2,14.306595333333334,470973440.0
appearing-clusters,3,periodic,UOB,7.444058000000001,449642905.6
appearing-clusters,3,periodic,RebalanceStream,33.587875333333336,2532620697.6
appearing-clusters,4,incremental,improved_OOB,7.480577666666666,457358677.3333333
appearing-clusters,4,incremental,WEOB1,14.385005,541880320.0
appearing-clusters,4,incremental,CSMOTE,546.3703733333333,844379340.8
appearing-clusters,4,incremental,OOB,9.156633,486183321.6
appearing-clusters,4,incremental,ESOS_ELM,275.71418996166665,7125251686.4
appearing-clusters,4,incremental,improved_UOB,6.042065000000001,311243776.0
appearing-clusters,4,incremental,WEOB2,12.902547333333333,541880320.0
appearing-clusters,4,incremental,UOB,6.860046666666666,519784038.4
appearing-clusters,4,incremental,RebalanceStream,31.04902,2524764979.2
appearing-clusters,4,sudden,improved_OOB,7.219192,504164724.3636364
appearing-clusters,4,sudden,WEOB1,13.474963333333333,557514379.6363636
appearing-clusters,4,sudden,CSMOTE,604.0544816666667,936641331.2
appearing-clusters,4,sudden,OOB,8.804492666666667,503518822.4
appearing-clusters,4,sudden,ESOS_ELM,283.97995987766666,6443874117.818182
appearing-clusters,4,sudden,improved_UOB,6.108577666666666,284980460.3076923
appearing-clusters,4,sudden,WEOB2,13.092680333333334,557514379.6363636
appearing-clusters,4,sudden,UOB,6.738714666666667,508594176.0
appearing-clusters,4,sudden,RebalanceStream,30.32254766666667,2699436441.6
appearing-clusters,4,periodic,improved_OOB,7.583863333333333,510204313.6
appearing-clusters,4,periodic,WEOB1,14.747130333333336,566598190.5454545
appearing-clusters,4,periodic,CSMOTE,600.6242743333333,914083840.0
appearing-clusters,4,periodic,OOB,9.012860666666667,443573862.4
appearing-clusters,4,periodic,ESOS_ELM,231.53318968099998,4949566385.230769
appearing-clusters,4,periodic,improved_UOB,6.487292333333333,415525050.1818182
appearing-clusters,4,periodic,WEOB2,13.857709333333334,566598190.5454545
appearing-clusters,4,periodic,UOB,6.827125333333332,450777088.0
appearing-clusters,4,periodic,RebalanceStream,29.748919666666666,2496596787.2
shapeshift,1,incremental,improved_OOB,9.544933333333333,528849454.54545456
shapeshift,1,incremental,WEOB1,13.465089999999998,485530158.54545456
shapeshift,1,incremental,CSMOTE,210.40165633333334,1307477196.8
shapeshift,1,incremental,OOB,9.597452666666667,524923289.6
shapeshift,1,incremental,ESOS_ELM,297.395461522,5257894229.333333
shapeshift,1,incremental,improved_UOB,3.9884996666666663,258574336.0
shapeshift,1,incremental,WEOB2,26.053521666666665,485530158.54545456
shapeshift,1,incremental,UOB,5.072477333333333,336527360.0
shapeshift,1,incremental,RebalanceStream,7.126017999999999,2536476262.4
shapeshift,1,sudden,improved_OOB,8.949840666666667,461954756.9230769
shapeshift,1,sudden,WEOB1,10.255997333333333,626874777.6
shapeshift,1,sudden,CSMOTE,244.05838466666663,1342644633.6
shapeshift,1,sudden,OOB,11.181007333333334,609245593.6
shapeshift,1,sudden,ESOS_ELM,301.50321670266663,5636286122.666667
shapeshift,1,sudden,improved_UOB,3.829739,300711253.3333333
shapeshift,1,sudden,WEOB2,11.099744999999999,626874777.6
shapeshift,1,sudden,UOB,4.970639333333334,327714816.0
shapeshift,1,sudden,RebalanceStream,5.944712,2598574899.2
shapeshift,1,periodic,improved_OOB,9.815271000000001,552034713.6
shapeshift,1,periodic,WEOB1,13.703599666666667,401899835.0769231
shapeshift,1,periodic,CSMOTE,242.9409653333333,1169184358.4
shapeshift,1,periodic,OOB,11.583432,565561753.6
shapeshift,1,periodic,ESOS_ELM,282.66746785400005,7334988185.6
shapeshift,1,periodic,improved_UOB,3.836320333333333,252947309.7142857
shapeshift,1,periodic,WEOB2,12.732099333333332,401899835.0769231
shapeshift,1,periodic,UOB,4.778885333333334,320875520.0
shapeshift,1,periodic,RebalanceStream,5.992387999999999,2685561651.2
shapeshift,2,incremental,improved_OOB,8.405537666666666,532719616.0
shapeshift,2,incremental,WEOB1,12.807772333333332,523036672.0
shapeshift,2,incremental,CSMOTE,360.2735146666667,864228556.8
shapeshift,2,incremental,OOB,9.915058,560932864.0
shapeshift,2,incremental,ESOS_ELM,270.546590562,6821158912.0
shapeshift,2,incremental,improved_UOB,5.5790180000000005,300725341.09090906
shapeshift,2,incremental,WEOB2,13.493117666666668,523036672.0
shapeshift,2,incremental,UOB,5.84912,367925657.6
shapeshift,2,incremental,RebalanceStream,33.19905133333333,2772165427.2
shapeshift,2,sudden,improved_OOB,8.366584999999999,384999424.0
shapeshift,2,sudden,WEOB1,12.294974000000002,501835776.0
shapeshift,2,sudden,CSMOTE,364.02240066666667,758519249.4545455
shapeshift,2,sudden,OOB,9.713292333333333,465119641.6
shapeshift,2,sudden,ESOS_ELM,268.6929228676667,6028054186.666667
shapeshift,2,sudden,improved_UOB,5.310691666666667,336075571.2
shapeshift,2,sudden,WEOB2,12.700585666666667,501835776.0
shapeshift,2,sudden,UOB,5.460604,364907724.8
shapeshift,2,sudden,RebalanceStream,32.95225,2712535040.0
shapeshift,2,periodic,improved_OOB,9.296611,484458123.6363636
shapeshift,2,periodic,WEOB1,12.983044666666666,527323545.6
shapeshift,2,periodic,CSMOTE,366.82538266666666,905587507.2
shapeshift,2,periodic,OOB,10.389851,536227430.4
shapeshift,2,periodic,ESOS_ELM,252.89762094766664,6514065408.0
shapeshift,2,periodic,improved_UOB,5.408436999999999,277118603.6363636
shapeshift,2,periodic,WEOB2,12.916736999999998,527323545.6
shapeshift,2,periodic,UOB,5.62039,295552614.4
shapeshift,2,periodic,RebalanceStream,32.32880766666667,2568869888.0
shapeshift,3,incremental,improved_OOB,9.158243666666666,521297100.8
shapeshift,3,incremental,WEOB1,14.503396666666667,537402982.4
shapeshift,3,incremental,CSMOTE,484.53859533333326,959022694.4
shapeshift,3,incremental,OOB,10.638481,567592550.4
shapeshift,3,incremental,ESOS_ELM,264.57205566700003,6805574860.8
shapeshift,3,incremental,improved_UOB,7.149320333333333,416587403.6363636
shapeshift,3,incremental,WEOB2,15.141343999999998,537402982.4
shapeshift,3,incremental,UOB,6.957670666666666,437484078.54545456
shapeshift,3,incremental,RebalanceStream,36.126321999999995,2837575270.4
shapeshift,3,sudden,improved_OOB,9.300053666666667,596400128.0
shapeshift,3,sudden,WEOB1,13.713963999999999,567760337.4545455
shapeshift,3,sudden,CSMOTE,509.3958043333334,997354700.8
shapeshift,3,sudden,OOB,10.545810333333334,537185484.8
shapeshift,3,sudden,ESOS_ELM,285.5924099586667,5167333691.076923
shapeshift,3,sudden,improved_UOB,6.770473,347764263.38461536
shapeshift,3,sudden,WEOB2,14.531026666666667,567760337.4545455
shapeshift,3,sudden,UOB,6.708449333333333,524323635.2
shapeshift,3,sudden,RebalanceStream,36.21139233333333,2549587968.0
shapeshift,3,periodic,improved_OOB,10.070326333333334,455097250.90909094
shapeshift,3,periodic,WEOB1,13.864381333333334,409958213.8181818
shapeshift,3,periodic,CSMOTE,518.9909573333333,723647767.2727273
shapeshift,3,periodic,OOB,10.652591333333334,437841100.8
shapeshift,3,periodic,ESOS_ELM,244.21015599266664,4004224512.0
shapeshift,3,periodic,improved_UOB,6.686041,282244332.3076923
shapeshift,3,periodic,WEOB2,14.737136999999999,409958213.8181818
shapeshift,3,periodic,UOB,6.726251666666666,366060748.8
shapeshift,3,periodic,RebalanceStream,36.810345000000005,2295532823.2727275
shapeshift,4,incremental,improved_OOB,8.157825,509494365.09090906
shapeshift,4,incremental,WEOB1,15.336616666666666,514308505.6
shapeshift,4,incremental,CSMOTE,607.5650776666666,925461299.2
shapeshift,4,incremental,OOB,9.268840666666668,528957030.4
shapeshift,4,incremental,ESOS_ELM,247.30963587333335,5331226624.0
shapeshift,4,incremental,improved_UOB,6.6360269999999995,350619175.38461536
shapeshift,4,incremental,WEOB2,16.028289,514308505.6
shapeshift,4,incremental,UOB,8.437879,409702809.6
shapeshift,4,incremental,RebalanceStream,29.019801666666666,2831098675.2
shapeshift,4,sudden,improved_OOB,8.078731666666666,391542374.4
shapeshift,4,sudden,WEOB1,14.493919666666669,527652454.4
shapeshift,4,sudden,CSMOTE,575.4272313333335,1012668825.6
shapeshift,4,sudden,OOB,8.822969333333333,548452352.0
shapeshift,4,sudden,ESOS_ELM,264.48120129666665,5586487109.818182
shapeshift,4,sudden,improved_UOB,6.405360666666667,373879099.0769231
shapeshift,4,sudden,WEOB2,14.181415000000001,527652454.4
shapeshift,4,sudden,UOB,8.212360333333335,470434201.6
shapeshift,4,sudden,RebalanceStream,28.305312999999998,2580002816.0
shapeshift,4,periodic,improved_OOB,8.158065333333333,442615125.3333333
shapeshift,4,periodic,WEOB1,14.986786333333333,565543731.2
shapeshift,4,periodic,CSMOTE,597.2912643333333,997303091.2
shapeshift,4,periodic,OOB,8.660349666666667,336942694.4
shapeshift,4,periodic,ESOS_ELM,254.10653600833336,7026784665.6
shapeshift,4,periodic,improved_UOB,6.748879333333334,343410688.0
shapeshift,4,periodic,WEOB2,15.304848333333334,565543731.2
shapeshift,4,periodic,UOB,8.667431666666666,447662080.0
shapeshift,4,periodic,RebalanceStream,29.031004666666664,2846076928.0
minority-share,1,incremental,improved_OOB,6.139114666666667,523134976.0
minority-share,1,incremental,WEOB1,9.238171,500576256.0
minority-share,1,incremental,CSMOTE,68.25562066666666,1182009753.6
minority-share,1,incremental,OOB,6.262324666666667,446629478.4
minority-share,1,incremental,ESOS_ELM,311.902960792,6642488934.4
minority-share,1,incremental,improved_UOB,2.2263486666666665,286048938.6666667
minority-share,1,incremental,WEOB2,17.512643666666666,500576256.0
minority-share,1,incremental,UOB,3.8402659999999997,313515008.0
minority-share,1,incremental,RebalanceStream,4.626520333333333,2513408819.2
minority-share,1,sudden,improved_OOB,6.666277,577120665.6
minority-share,1,sudden,WEOB1,6.953594666666667,504509440.0
minority-share,1,sudden,CSMOTE,67.89651733333334,1250833203.2
minority-share,1,sudden,OOB,7.390356000000001,585610035.2
minority-share,1,sudden,ESOS_ELM,288.04216636066667,6074971818.666667
minority-share,1,sudden,improved_UOB,2.1366146666666666,279407001.6
minority-share,1,sudden,WEOB2,7.097517666666666,504509440.0
minority-share,1,sudden,UOB,3.7400846666666667,297747017.14285713
minority-share,1,sudden,RebalanceStream,4.379477333333333,2207407383.2727275
minority-share,1,periodic,improved_OOB,4.884321,582180454.4
minority-share,1,periodic,WEOB1,6.291855333333334,581505024.0
minority-share,1,periodic,CSMOTE,23.731751333333335,1221750374.4
minority-share,1,periodic,OOB,6.043256666666667,456715543.27272725
minority-share,1,periodic,ESOS_ELM,262.1710551863333,4429910961.230769
minority-share,1,periodic,improved_UOB,1.475656,261000045.7142857
minority-share,1,periodic,WEOB2,6.416224,581505024.0
minority-share,1,periodic,UOB,3.0055520000000002,268750848.0
minority-share,1,periodic,RebalanceStream,3.4771013333333336,2650225459.2
minority-share,2,incremental,improved_OOB,6.352338333333333,525682278.4
minority-share,2,incremental,WEOB1,8.562556333333333,569113395.2
minority-share,2,incremental,CSMOTE,95.85874633333333,854683238.4
minority-share,2,incremental,OOB,7.244708,534798745.6
minority-share,2,incremental,ESOS_ELM,277.80188044966667,5583567778.909091
minority-share,2,incremental,improved_UOB,3.2728663333333334,318149017.6
minority-share,2,incremental,WEOB2,8.604418333333333,569113395.2
minority-share,2,incremental,UOB,4.419004,259734807.27272728
minority-share,2,incremental,RebalanceStream,16.930028666666665,1690064076.8
minority-share,2,sudden,improved_OOB,6.057708000000001,403130840.61538464
minority-share,2,sudden,WEOB1,8.389085666666666,498435686.4
minority-share,2,sudden,CSMOTE,99.61924800000001,915329433.6
minority-share,2,sudden,OOB,6.649822,580901683.2
minority-share,2,sudden,ESOS_ELM,265.0702161663333,5977104793.6
minority-share,2,sudden,improved_UOB,3.2906,277087697.45454544
minority-share,2,sudden,WEOB2,8.479169333333333,498435686.4
minority-share,2,sudden,UOB,4.368749666666667,334229504.0
minority-share,2,sudden,RebalanceStream,18.97799733333333,2631246233.6
minority-share,2,periodic,improved_OOB,4.741082666666667,350511981.71428573
minority-share,2,periodic,WEOB1,6.308549666666667,483504537.6
minority-share,2,periodic,CSMOTE,23.510788,1230228275.2
minority-share,2,periodic,OOB,5.74918,455798374.4
minority-share,2,periodic,ESOS_ELM,245.02933280933334,5910707882.666667
minority-share,2,periodic,improved_UOB,1.9265359999999998,261000045.7142857
minority-share,2,periodic,WEOB2,6.433555666666666,483504537.6
minority-share,2,periodic,UOB,3.1709096666666667,328373862.4
minority-share,2,periodic,RebalanceStream,15.862736666666668,1746896486.4
minority-share,3,incremental,improved_OOB,7.407396000000001,406095530.6666667
minority-share,3,incremental,WEOB1,9.543527666666668,442983082.6666667
minority-share,3,incremental,CSMOTE,125.62837033333334,835420979.2
minority-share,3,incremental,OOB,7.7254906666666665,552101478.4
minority-share,3,incremental,ESOS_ELM,259.295623768,4921074688.0
minority-share,3,incremental,improved_UOB,4.246728,387021619.2
minority-share,3,incremental,WEOB2,10.086438333333334,442983082.6666667
minority-share,3,incremental,UOB,5.166366333333333,370035916.8
minority-share,3,incremental,RebalanceStream,18.374788666666664,1639707443.2
minority-share,3,sudden,improved_OOB,6.582605999999999,567325081.6
minority-share,3,sudden,WEOB1,9.263675000000001,544670037.3333334
minority-share,3,sudden,CSMOTE,123.617599,963308748.8
minority-share,3,sudden,OOB,7.12021,566360883.2
minority-share,3,sudden,ESOS_ELM,248.68102595533333,6465939456.0
minority-share,3,sudden,improved_UOB,3.903948666666667,432384000.0
minority-share,3,sudden,WEOB2,9.249941,544670037.3333334
minority-share,3,sudden,UOB,5.085457333333333,486492569.6
minority-share,3,sudden,RebalanceStream,20.769476333333333,2315093829.818182
minority-share,3,periodic,improved_OOB,4.916195,465452236.8
minority-share,3,periodic,WEOB1,6.765287,484333909.3333333
minority-share,3,periodic,CSMOTE,18.785813,1126978355.2
minority-share,3,periodic,OOB,5.42092,534700441.6
minority-share,3,periodic,ESOS_ELM,245.47884373166667,5828039338.666667
minority-share,3,periodic,improved_UOB,2.0985693333333333,324818944.0
minority-share,3,periodic,WEOB2,6.6859693333333325,484333909.3333333
minority-share,3,periodic,UOB,3.293932,320863027.2
minority-share,3,periodic,RebalanceStream,17.472049666666667,1494763520.0
minority-share,4,incremental,improved_OOB,5.992992999999999,393911978.6666667
minority-share,4,incremental,WEOB1,9.806878,512511255.27272725
minority-share,4,incremental,CSMOTE,139.45881,1044647526.4
minority-share,4,incremental,OOB,7.320729666666666,461681868.8
minority-share,4,incremental,ESOS_ELM,260.726893608,5657865216.0
minority-share,4,incremental,improved_UOB,4.3394070000000005,351754240.0
minority-share,4,incremental,WEOB2,9.632801333333333,512511255.27272725
minority-share,4,incremental,UOB,5.481831,397126041.6
minority-share,4,incremental,RebalanceStream,14.524449666666667,3322642432.0
minority-share,4,sudden,improved_OOB,5.656348333333334,518246400.0
minority-share,4,sudden,WEOB1,9.407685,370652711.38461536
minority-share,4,sudden,CSMOTE,156.298239,1004733235.2
minority-share,4,sudden,OOB,6.645066,494492876.8
minority-share,4,sudden,ESOS_ELM,247.562412298,5889466368.0
minority-share,4,sudden,improved_UOB,4.344391000000001,319549124.9230769
minority-share,4,sudden,WEOB2,9.061098000000001,370652711.38461536
minority-share,4,sudden,UOB,5.499252666666666,582105497.6
minority-share,4,sudden,RebalanceStream,17.181981,2453195980.8
minority-share,4,periodic,improved_OOB,4.255312666666666,359910679.27272725
minority-share,4,periodic,WEOB1,6.849085333333332,595505971.2
minority-share,4,periodic,CSMOTE,22.082130333333335,1272762368.0
minority-share,4,periodic,OOB,5.4374503333333335,426676633.6
minority-share,4,periodic,ESOS_ELM,243.46654678466666,5923950592.0
minority-share,4,periodic,improved_UOB,1.9767953333333335,239215274.66666666
minority-share,4,periodic,WEOB2,6.552518666666667,595505971.2
minority-share,4,periodic,UOB,3.1992203333333333,359331430.4
minority-share,4,periodic,RebalanceStream,14.254535000000002,3108141056.0
splitting-clusters,1,incremental,improved_OOB,8.271323,419684352.0
splitting-clusters,1,incremental,WEOB1,11.666144666666666,574456627.2
splitting-clusters,1,incremental,CSMOTE,242.74992633333332,1326926233.6
splitting-clusters,1,incremental,OOB,8.461855333333334,554559488.0
splitting-clusters,1,incremental,ESOS_ELM,312.1734721776667,4778275446.153846
splitting-clusters,1,incremental,improved_UOB,3.334346,288697344.0
splitting-clusters,1,incremental,WEOB2,22.797901,574456627.2
splitting-clusters,1,incremental,UOB,4.579036666666666,286599168.0
splitting-clusters,1,incremental,RebalanceStream,7.142484666666667,2049535627.6363637
splitting-clusters,1,sudden,improved_OOB,16.085712666666666,419844505.6
splitting-clusters,1,sudden,WEOB1,10.124837333333334,569999360.0
splitting-clusters,1,sudden,CSMOTE,222.096641,1330518425.6
splitting-clusters,1,sudden,OOB,9.884291666666666,580974182.4
splitting-clusters,1,sudden,ESOS_ELM,305.44218323833337,5133915282.285714
splitting-clusters,1,sudden,improved_UOB,3.0415183333333338,285717299.2
splitting-clusters,1,sudden,WEOB2,10.194999666666668,569999360.0
splitting-clusters,1,sudden,UOB,4.279331333333333,309383168.0
splitting-clusters,1,sudden,RebalanceStream,5.787879,2648337203.2
splitting-clusters,1,periodic,improved_OOB,8.82867,469275033.6
splitting-clusters,1,periodic,WEOB1,10.921637666666667,449867093.3333333
splitting-clusters,1,periodic,CSMOTE,200.0626115,1277753753.6
splitting-clusters,1,periodic,OOB,9.679626666666666,529212620.8
splitting-clusters,1,periodic,ESOS_ELM,290.1535437223333,5440143018.666667
splitting-clusters,1,periodic,improved_UOB,3.4165609999999997,277579093.3333333
splitting-clusters,1,periodic,WEOB2,10.546223333333332,449867093.3333333
splitting-clusters,1,periodic,UOB,4.522357666666667,326209536.0
splitting-clusters,1,periodic,RebalanceStream,7.125113,2628473651.2
splitting-clusters,2,incremental,improved_OOB,7.924497,372517050.1818182
splitting-clusters,2,incremental,WEOB1,11.98503,511411814.4
splitting-clusters,2,incremental,CSMOTE,373.1243996666667,948544716.8
splitting-clusters,2,incremental,OOB,9.041078666666667,478145740.8
splitting-clusters,2,incremental,ESOS_ELM,320.01549055000004,5678987450.181818
splitting-clusters,2,incremental,improved_UOB,4.869956999999999,231138450.2857143
splitting-clusters,2,incremental,WEOB2,12.230412,511411814.4
splitting-clusters,2,incremental,UOB,5.329109333333333,258040180.36363637
splitting-clusters,2,incremental,RebalanceStream,36.46098466666667,2815945113.6
splitting-clusters,2,sudden,improved_OOB,7.667461,486978764.8
splitting-clusters,2,sudden,WEOB1,11.482537,603177779.2
splitting-clusters,2,sudden,CSMOTE,349.347511,885559296.0
splitting-clusters,2,sudden,OOB,8.551797333333333,546489958.4
splitting-clusters,2,sudden,ESOS_ELM,307.65292483933337,5652225732.923077
splitting-clusters,2,sudden,improved_UOB,4.762534666666666,287752533.3333333
splitting-clusters,2,sudden,WEOB2,10.923295666666668,603177779.2
splitting-clusters,2,sudden,UOB,5.000247333333333,334571929.6
splitting-clusters,2,sudden,RebalanceStream,34.63169333333334,2821433753.6
splitting-clusters,2,periodic,improved_OOB,8.237046,475880243.2
splitting-clusters,2,periodic,WEOB1,11.859827666666668,620447744.0
splitting-clusters,2,periodic,CSMOTE,367.1099483333333,1026011136.0
splitting-clusters,2,periodic,OOB,8.956802666666666,508914073.6
splitting-clusters,2,periodic,ESOS_ELM,291.08709133033335,5439892558.769231
splitting-clusters,2,periodic,improved_UOB,4.6810176666666665,321976320.0
splitting-clusters,2,periodic,WEOB2,11.273041999999998,620447744.0
splitting-clusters,2,periodic,UOB,5.313568333333333,292515840.0
splitting-clusters,2,periodic,RebalanceStream,34.07267366666667,2254250356.3636365
splitting-clusters,3,incremental,improved_OOB,8.650610333333333,488345190.4
splitting-clusters,3,incremental,WEOB1,13.829482333333333,552898150.4
splitting-clusters,3,incremental,CSMOTE,461.685518,969793126.4
splitting-clusters,3,incremental,OOB,9.752304333333333,544509542.4
splitting-clusters,3,incremental,ESOS_ELM,287.018731592,5031854395.076923
splitting-clusters,3,incremental,improved_UOB,6.7113966666666665,383059558.4
splitting-clusters,3,incremental,WEOB2,14.088626333333332,552898150.4
splitting-clusters,3,incremental,UOB,7.1714493333333325,427957862.4
splitting-clusters,3,incremental,RebalanceStream,34.26736733333333,2621003776.0
splitting-clusters,3,sudden,improved_OOB,8.785300666666666,426765312.0
splitting-clusters,3,sudden,WEOB1,13.240437666666667,459308425.84615386
splitting-clusters,3,sudden,CSMOTE,487.61070666666666,932567040.0
splitting-clusters,3,sudden,OOB,8.883769,523814502.4
splitting-clusters,3,sudden,ESOS_ELM,290.0193625566667,6474986700.8
splitting-clusters,3,sudden,improved_UOB,6.148653333333333,310792874.6666667
splitting-clusters,3,sudden,WEOB2,13.447779333333335,459308425.84615386
splitting-clusters,3,sudden,UOB,7.055783000000001,395432308.3636364
splitting-clusters,3,sudden,RebalanceStream,35.21885133333333,2835275366.4
splitting-clusters,3,periodic,improved_OOB,8.652476,416503335.38461536
splitting-clusters,3,periodic,WEOB1,13.729484333333332,579644211.2
splitting-clusters,3,periodic,CSMOTE,503.5017586666667,836655290.1818181
splitting-clusters,3,periodic,OOB,8.738066333333334,482211840.0
splitting-clusters,3,periodic,ESOS_ELM,259.34275967766666,6253678592.0
splitting-clusters,3,periodic,improved_UOB,6.383547,224695364.26666668
splitting-clusters,3,periodic,WEOB2,13.597965333333335,579644211.2
splitting-clusters,3,periodic,UOB,7.141996,444131328.0
splitting-clusters,3,periodic,RebalanceStream,34.677516000000004,2721279590.4
splitting-clusters,4,incremental,improved_OOB,7.919328666666666,419209960.72727275
splitting-clusters,4,incremental,WEOB1,13.863426666666667,591248588.8
splitting-clusters,4,incremental,CSMOTE,605.5578183333333,1045827584.0
splitting-clusters,4,incremental,OOB,8.844659,399996928.0
splitting-clusters,4,incremental,ESOS_ELM,292.5797933773333,5952736256.0
splitting-clusters,4,incremental,improved_UOB,6.118730666666667,408616960.0
splitting-clusters,4,incremental,WEOB2,12.892487666666668,591248588.8
splitting-clusters,4,incremental,UOB,7.753670666666667,405200486.4
splitting-clusters,4,incremental,RebalanceStream,30.593542333333335,2666338304.0
splitting-clusters,4,sudden,improved_OOB,7.443066999999999,400833194.6666667
splitting-clusters,4,sudden,WEOB1,13.186224000000001,575920947.2
splitting-clusters,4,sudden,CSMOTE,586.552765,1039593881.6
splitting-clusters,4,sudden,OOB,8.853905666666668,471656448.0
splitting-clusters,4,sudden,ESOS_ELM,281.005603778,4744501930.666667
splitting-clusters,4,sudden,improved_UOB,6.351355000000001,423276544.0
splitting-clusters,4,sudden,WEOB2,12.942766333333333,575920947.2
splitting-clusters,4,sudden,UOB,7.522436333333334,517235916.8
splitting-clusters,4,sudden,RebalanceStream,30.158447666666664,2715000422.4
splitting-clusters,4,periodic,improved_OOB,7.689191,425893546.6666667
splitting-clusters,4,periodic,WEOB1,13.493283666666665,426481322.6666667
splitting-clusters,4,periodic,CSMOTE,589.667681,916363673.6
splitting-clusters,4,periodic,OOB,8.86174,390055377.45454544
splitting-clusters,4,periodic,ESOS_ELM,248.1257922306667,6498941114.181818
splitting-clusters,4,periodic,improved_UOB,6.55161,416641024.0
splitting-clusters,4,periodic,WEOB2,12.988915333333333,426481322.6666667
splitting-clusters,4,periodic,UOB,7.1227100000000005,469409792.0
splitting-clusters,4,periodic,RebalanceStream,32.49604166666667,2230393651.2
clusters-movement,1,incremental,improved_OOB,10.212086666666666,552649113.6
clusters-movement,1,incremental,WEOB1,12.177743666666666,568921367.2727273
clusters-movement,1,incremental,CSMOTE,228.47472100000002,1147158528.0
clusters-movement,1,incremental,OOB,8.545736666666667,580859084.8
clusters-movement,1,incremental,ESOS_ELM,338.4524164333333,4957458773.333333
clusters-movement,1,incremental,improved_UOB,3.3590269999999998,257173913.6
clusters-movement,1,incremental,WEOB2,11.977694333333332,568921367.2727273
clusters-movement,1,incremental,UOB,4.722615333333334,335742976.0
clusters-movement,1,incremental,RebalanceStream,6.899351,2518104473.6
clusters-movement,1,sudden,improved_OOB,16.817905333333332,553711616.0
clusters-movement,1,sudden,WEOB1,12.221293000000001,563654656.0
clusters-movement,1,sudden,CSMOTE,239.03832633333332,1217688780.8
clusters-movement,1,sudden,OOB,8.43872,613301862.4
clusters-movement,1,sudden,ESOS_ELM,314.301902838,5005025280.0
clusters-movement,1,sudden,improved_UOB,3.2764046666666666,306760704.0
clusters-movement,1,sudden,WEOB2,10.370255666666665,563654656.0
clusters-movement,1,sudden,UOB,4.393420333333333,334161237.3333333
clusters-movement,1,sudden,RebalanceStream,5.751878333333333,2739504742.4
clusters-movement,1,periodic,improved_OOB,9.831618666666666,563970048.0
clusters-movement,1,periodic,WEOB1,11.596100333333334,503410005.3333333
clusters-movement,1,periodic,CSMOTE,212.5802173333333,1211031961.6
clusters-movement,1,periodic,OOB,10.234994666666667,565228748.8
clusters-movement,1,periodic,ESOS_ELM,323.5500112926666,5159487780.571428
clusters-movement,1,periodic,improved_UOB,6.880970333333333,276650666.6666667
clusters-movement,1,periodic,WEOB2,11.639071000000001,503410005.3333333
clusters-movement,1,periodic,UOB,4.701204,295138918.4
clusters-movement,1,periodic,RebalanceStream,6.180247333333333,2837787033.6
clusters-movement,2,incremental,improved_OOB,8.601761,477373781.3333333
clusters-movement,2,incremental,WEOB1,12.382068666666667,478614621.09090906
clusters-movement,2,incremental,CSMOTE,382.761313,1006095155.2
clusters-movement,2,incremental,OOB,9.325179,554070016.0
clusters-movement,2,incremental,ESOS_ELM,320.8069194853333,5713136640.0
clusters-movement,2,incremental,improved_UOB,5.226531333333333,271696244.3636364
clusters-movement,2,incremental,WEOB2,12.318443,478614621.09090906
clusters-movement,2,incremental,UOB,5.807337666666666,300120883.2
clusters-movement,2,incremental,RebalanceStream,35.161732666666666,2542999961.6
clusters-movement,2,sudden,improved_OOB,8.220657000000001,561711513.6
clusters-movement,2,sudden,WEOB1,11.953584333333334,615487078.4
clusters-movement,2,sudden,CSMOTE,396.21677999999997,1063803699.2
clusters-movement,2,sudden,OOB,9.275385666666667,403213963.6363636
clusters-movement,2,sudden,ESOS_ELM,319.6146452376667,5544938030.545455
clusters-movement,2,sudden,improved_UOB,4.953014,263313408.0
clusters-movement,2,sudden,WEOB2,12.085413333333333,615487078.4
clusters-movement,2,sudden,UOB,5.218936333333333,286081433.6
clusters-movement,2,sudden,RebalanceStream,36.31531533333333,2412660326.4
clusters-movement,2,periodic,improved_OOB,8.761102333333334,460987671.27272725
clusters-movement,2,periodic,WEOB1,13.200588333333334,492220043.6363636
clusters-movement,2,periodic,CSMOTE,400.092189,1033175040.0
clusters-movement,2,periodic,OOB,9.789926333333332,511034833.45454544
clusters-movement,2,periodic,ESOS_ELM,292.69682761666667,7090079334.4
clusters-movement,2,periodic,improved_UOB,5.085416666666666,315396096.0
clusters-movement,2,periodic,WEOB2,13.346951333333335,492220043.6363636
clusters-movement,2,periodic,UOB,5.435429666666667,317027942.4
clusters-movement,2,periodic,RebalanceStream,37.282128,2240426728.7272725
clusters-movement,3,incremental,improved_OOB,8.969664333333332,404784679.38461536
clusters-movement,3,incremental,WEOB1,14.030639666666666,418194353.2307692
clusters-movement,3,incremental,CSMOTE,481.2469616666667,938072064.0
clusters-movement,3,incremental,OOB,10.052602333333333,508388966.4
clusters-movement,3,incremental,ESOS_ELM,286.73304532133335,4690120411.428572
clusters-movement,3,incremental,improved_UOB,6.492605666666666,351894732.8
clusters-movement,3,incremental,WEOB2,13.717845333333335,418194353.2307692
clusters-movement,3,incremental,UOB,6.606589666666667,385520025.6
clusters-movement,3,incremental,RebalanceStream,34.11527,2837524889.6
clusters-movement,3,sudden,improved_OOB,8.441657666666666,498562252.8
clusters-movement,3,sudden,WEOB1,13.788099333333333,520281770.6666667
clusters-movement,3,sudden,CSMOTE,468.183459,786567912.7272727
clusters-movement,3,sudden,OOB,10.275670333333332,506980761.6
clusters-movement,3,sudden,ESOS_ELM,303.34650246033334,5080063317.333333
clusters-movement,3,sudden,improved_UOB,6.377522,360896921.6
clusters-movement,3,sudden,WEOB2,12.324005,520281770.6666667
clusters-movement,3,sudden,UOB,6.024266333333333,381426892.8
clusters-movement,3,sudden,RebalanceStream,34.27963466666667,2552972902.4
clusters-movement,3,periodic,improved_OOB,8.655790333333334,579681484.8
clusters-movement,3,periodic,WEOB1,14.614078999999998,703075532.8
clusters-movement,3,periodic,CSMOTE,456.24157,882696192.0
clusters-movement,3,periodic,OOB,10.379800333333334,582863257.6
clusters-movement,3,periodic,ESOS_ELM,289.35752436900003,5906189312.0
clusters-movement,3,periodic,improved_UOB,6.775212333333333,293606951.38461536
clusters-movement,3,periodic,WEOB2,14.144905666666666,703075532.8
clusters-movement,3,periodic,UOB,6.427875333333333,420144332.8
clusters-movement,3,periodic,RebalanceStream,34.990379999999995,2645662105.6
clusters-movement,4,incremental,improved_OOB,7.515632666666666,521077964.8
clusters-movement,4,incremental,WEOB1,14.232596000000001,521069363.2
clusters-movement,4,incremental,CSMOTE,525.134819,1127612825.6
clusters-movement,4,incremental,OOB,8.437569,471915724.8
clusters-movement,4,incremental,ESOS_ELM,300.17535396266663,5311381845.333333
clusters-movement,4,incremental,improved_UOB,6.169584666666666,370000281.6
clusters-movement,4,incremental,WEOB2,13.558107333333332,521069363.2
clusters-movement,4,incremental,UOB,7.251266666666666,422446694.4
clusters-movement,4,incremental,RebalanceStream,30.738903333333337,2735882649.6
clusters-movement,4,sudden,improved_OOB,7.470372333333334,550063718.4
clusters-movement,4,sudden,WEOB1,14.092434666666668,471970909.09090906
clusters-movement,4,sudden,CSMOTE,533.4499836666666,943232614.4
clusters-movement,4,sudden,OOB,8.919589333333334,535118233.6
clusters-movement,4,sudden,ESOS_ELM,306.04702083533334,4630865042.285714
clusters-movement,4,sudden,improved_UOB,5.854099000000001,343996974.54545456
clusters-movement,4,sudden,WEOB2,13.912589666666667,471970909.09090906
clusters-movement,4,sudden,UOB,6.651319,394493952.0
clusters-movement,4,sudden,RebalanceStream,31.182181999999997,2550612377.6
clusters-movement,4,periodic,improved_OOB,7.898764,486741085.09090906
clusters-movement,4,periodic,WEOB1,14.527030333333334,505962905.6
clusters-movement,4,periodic,CSMOTE,531.256002,959058329.6
clusters-movement,4,periodic,OOB,8.977908333333334,454996787.2
clusters-movement,4,periodic,ESOS_ELM,279.0022226703333,6863577907.2
clusters-movement,4,periodic,improved_UOB,6.645163,355958101.3333333
clusters-movement,4,periodic,WEOB2,14.693184666666667,505962905.6
clusters-movement,4,periodic,UOB,7.379074666666667,407606067.2
clusters-movement,4,periodic,RebalanceStream,30.218676333333335,2727449395.2
borderline,1,incremental,improved_OOB,10.251388333333333,491499861.3333333
borderline,1,incremental,WEOB1,13.457927666666668,524109265.45454544
borderline,1,incremental,CSMOTE,219.057318,1114137395.2
borderline,1,incremental,OOB,9.850964333333334,556887244.8
borderline,1,incremental,ESOS_ELM,280.74657982366665,5245206235.428572
borderline,1,incremental,improved_UOB,3.5532576666666666,303218688.0
borderline,1,incremental,WEOB2,26.722300666666666,524109265.45454544
borderline,1,incremental,UOB,4.6397623333333335,299100569.6
borderline,1,incremental,RebalanceStream,6.994346333333333,2655847628.8
borderline,1,sudden,improved_OOB,10.568677666666666,538834757.8181819
borderline,1,sudden,WEOB1,11.530692,501111714.90909094
borderline,1,sudden,CSMOTE,213.24237666666667,1338152550.4
borderline,1,sudden,OOB,11.878080666666667,551344537.6
borderline,1,sudden,ESOS_ELM,299.64853408333335,5326234230.153846
borderline,1,sudden,improved_UOB,3.4190503333333333,313479168.0
borderline,1,sudden,WEOB2,11.358662666666667,501111714.90909094
borderline,1,sudden,UOB,4.493731666666666,319193088.0
borderline,1,sudden,RebalanceStream,5.802551666666666,2535752908.8
borderline,1,periodic,improved_OOB,87.88686333333334,444110506.6666667
borderline,1,periodic,WEOB1,77.59317833333334,489431859.2
borderline,1,periodic,CSMOTE,221.693798,1103911321.6
borderline,1,periodic,OOB,84.58872966666667,525477478.4
borderline,1,periodic,ESOS_ELM,282.673209543,6007907123.2
borderline,1,periodic,improved_UOB,71.46883466666667,279224320.0
borderline,1,periodic,WEOB2,86.92399733333333,489431859.2
borderline,1,periodic,UOB,76.33222966666666,307693568.0
borderline,1,periodic,RebalanceStream,62.38706666666667,2315972198.4
borderline,2,incremental,improved_OOB,9.714632666666667,505981610.6666667
borderline,2,incremental,WEOB1,14.680392,619639603.2
borderline,2,incremental,CSMOTE,352.3911106666667,891267891.2
borderline,2,incremental,OOB,11.064905333333334,479988642.90909094
borderline,2,incremental,ESOS_ELM,270.215356832,5908444501.333333
borderline,2,incremental,improved_UOB,5.369960666666667,319555174.4
borderline,2,incremental,WEOB2,13.591316666666666,619639603.2
borderline,2,incremental,UOB,5.872246333333333,353436467.2
borderline,2,incremental,RebalanceStream,33.528000666666664,2824150220.8
borderline,2,sudden,improved_OOB,9.463567333333332,402967113.14285713
borderline,2,sudden,WEOB1,14.247453666666667,587759616.0
borderline,2,sudden,CSMOTE,377.5277223333333,971150950.4
borderline,2,sudden,OOB,10.697888333333333,583695974.4
borderline,2,sudden,ESOS_ELM,255.22553092433336,4241762596.571429
borderline,2,sudden,improved_UOB,5.3199646666666665,268620406.15384614
borderline,2,sudden,WEOB2,13.585675333333333,587759616.0
borderline,2,sudden,UOB,5.5594980000000005,350159257.6
borderline,2,sudden,RebalanceStream,33.653572,2559469158.4
borderline,2,periodic,improved_OOB,9.532666333333333,577329561.6
borderline,2,periodic,WEOB1,13.828993666666667,405112044.3076923
borderline,2,periodic,CSMOTE,377.93827933333336,1005226803.2
borderline,2,periodic,OOB,10.990324,538073907.2
borderline,2,periodic,ESOS_ELM,273.9678174823334,5402046779.076923
borderline,2,periodic,improved_UOB,5.25102,330633216.0
borderline,2,periodic,WEOB2,13.956491,405112044.3076923
borderline,2,periodic,UOB,5.510020999999999,318873600.0
borderline,2,periodic,RebalanceStream,33.15311566666667,2536984166.4
borderline,3,incremental,improved_OOB,11.312809999999999,529913297.45454544
borderline,3,incremental,WEOB1,16.450596333333333,544691293.0909091
borderline,3,incremental,CSMOTE,506.2631283333333,959296307.2
borderline,3,incremental,OOB,11.475955666666666,541163110.4
borderline,3,incremental,ESOS_ELM,255.66944187100003,4977514653.538462
borderline,3,incremental,improved_UOB,7.212445333333334,357970292.3636364
borderline,3,incremental,WEOB2,16.79928333333333,544691293.0909091
borderline,3,incremental,UOB,7.065339333333334,440564940.8
borderline,3,incremental,RebalanceStream,35.28605266666667,2818249113.6
borderline,3,sudden,improved_OOB,10.48117,484691968.0
borderline,3,sudden,WEOB1,15.495351999999999,499991347.2
borderline,3,sudden,CSMOTE,514.9012003333333,922526105.6
borderline,3,sudden,OOB,11.515804333333334,483611368.72727275
borderline,3,sudden,ESOS_ELM,251.30676894900003,5215257206.153846
borderline,3,sudden,improved_UOB,7.084851333333333,354009718.15384614
borderline,3,sudden,WEOB2,16.428877666666665,499991347.2
borderline,3,sudden,UOB,7.650852,359952011.6363636
borderline,3,sudden,RebalanceStream,36.67589066666667,2717536256.0
borderline,3,periodic,improved_OOB,10.521676000000001,373382852.9230769
borderline,3,periodic,WEOB1,15.167851666666666,442772014.54545456
borderline,3,periodic,CSMOTE,501.40322,977448550.4
borderline,3,periodic,OOB,11.884092,491880857.6
borderline,3,periodic,ESOS_ELM,244.4787840616667,5142880256.0
borderline,3,periodic,improved_UOB,7.213428666666666,354575018.6666667
borderline,3,periodic,WEOB2,16.797582000000002,442772014.54545456
borderline,3,periodic,UOB,7.496599,464427417.6
borderline,3,periodic,RebalanceStream,36.41499966666667,1878846464.0
borderline,4,incremental,improved_OOB,8.867512333333334,426999063.27272725
borderline,4,incremental,WEOB1,16.033062,474491699.2
borderline,4,incremental,CSMOTE,581.449417,1044320256.0
borderline,4,incremental,OOB,8.817821666666667,416274022.4
borderline,4,incremental,ESOS_ELM,237.70051664133334,5522593634.461538
borderline,4,incremental,improved_UOB,7.022229666666667,352675052.3076923
borderline,4,incremental,WEOB2,15.967181000000002,474491699.2
borderline,4,incremental,UOB,9.081523,478375116.8
borderline,4,incremental,RebalanceStream,33.49380033333333,2191931578.181818
borderline,4,sudden,improved_OOB,8.556371333333333,609806745.6
borderline,4,sudden,WEOB1,16.904515333333332,432324980.3636364
borderline,4,sudden,CSMOTE,639.3979686666667,869512806.4
borderline,4,sudden,OOB,8.857096,506166067.2
borderline,4,sudden,ESOS_ELM,238.05615863100002,3748730722.4615383
borderline,4,sudden,improved_UOB,6.740742999999999,373052881.45454544
borderline,4,sudden,WEOB2,15.860103,432324980.3636364
borderline,4,sudden,UOB,9.239902,481570406.4
borderline,4,sudden,RebalanceStream,31.555876666666663,2493436723.2
borderline,4,periodic,improved_OOB,8.437500666666667,521876684.8
borderline,4,periodic,WEOB1,16.430687666666667,428110196.3636364
borderline,4,periodic,CSMOTE,624.2321579999999,1116599500.8
borderline,4,periodic,OOB,8.795277,523191500.8
borderline,4,periodic,ESOS_ELM,247.88585510833332,4732528298.666667
borderline,4,periodic,improved_UOB,7.002039,439457792.0
borderline,4,periodic,WEOB2,16.445611333333336,428110196.3636364
borderline,4,periodic,UOB,9.223082333333332,379043840.0
borderline,4,periodic,RebalanceStream,30.425886666666667,2540041011.2
