drift,unbalance,type,alg,Gmean
sea_P(y),1,sudden,improved_OOB,1.003547061130828
sea_P(y),1,sudden,WEOB1,1.003473505209317
sea_P(y),1,sudden,OOB,1.0031963551195784
sea_P(y),1,sudden,improved_UOB,1.0025723344302226
sea_P(y),1,sudden,WEOB2,1.001537497882957
sea_P(y),1,sudden,UOB,1.0031963551195784
sea_P(y),1,sudden,CSMOTE,1.0017425050289923
sea_P(y),1,sudden,RebalanceStream,0.9807343860785268
sea_P(y),1,incremental,improved_OOB,1.0011263428095287
sea_P(y),1,incremental,WEOB1,1.0008117819714706
sea_P(y),1,incremental,OOB,1.0005132649744957
sea_P(y),1,incremental,improved_UOB,1.0000611003281612
sea_P(y),1,incremental,WEOB2,0.9992346564251701
sea_P(y),1,incremental,UOB,1.0005132649744957
sea_P(y),1,incremental,CSMOTE,0.9987953446356027
sea_P(y),1,incremental,RebalanceStream,0.9989442438810751
sea_P(y),3,incremental,improved_OOB,1.003879635055546
sea_P(y),3,incremental,WEOB1,1.0041978627449908
sea_P(y),3,incremental,OOB,1.003224795432485
sea_P(y),3,incremental,improved_UOB,1.0025687627829538
sea_P(y),3,incremental,WEOB2,0.999789651566671
sea_P(y),3,incremental,UOB,1.0027577708393665
sea_P(y),3,incremental,CSMOTE,0.985617113816525
sea_P(y),3,incremental,RebalanceStream,0.997964407761461
sea_P(y),3,sudden,improved_OOB,1.0020744914019661
sea_P(y),3,sudden,WEOB1,1.0025114964854487
sea_P(y),3,sudden,OOB,1.0017861369973162
sea_P(y),3,sudden,improved_UOB,1.0014371659879884
sea_P(y),3,sudden,WEOB2,0.9976655288121636
sea_P(y),3,sudden,UOB,1.0012620070254798
sea_P(y),3,sudden,CSMOTE,0.9968064866974478
sea_P(y),3,sudden,RebalanceStream,0.996456686592191
sea_P(y),2,sudden,improved_OOB,1.004744360958109
sea_P(y),2,sudden,WEOB1,1.005193824882828
sea_P(y),2,sudden,OOB,1.00475161581103
sea_P(y),2,sudden,improved_UOB,1.0039297302072645
sea_P(y),2,sudden,WEOB2,1.000601457465255
sea_P(y),2,sudden,UOB,1.0040663717752984
sea_P(y),2,sudden,CSMOTE,0.9957677598106367
sea_P(y),2,sudden,RebalanceStream,0.9809448790895783
sea_P(y),2,incremental,improved_OOB,1.0058225641096945
sea_P(y),2,incremental,WEOB1,1.006167211871984
sea_P(y),2,incremental,OOB,1.0053679720483526
sea_P(y),2,incremental,improved_UOB,1.0044763188860482
sea_P(y),2,incremental,WEOB2,1.001253767715014
sea_P(y),2,incremental,UOB,1.0044406876750898
sea_P(y),2,incremental,CSMOTE,0.972104007918962
sea_P(y),2,incremental,RebalanceStream,1.0003674697748548
sea_P(y),4,incremental,improved_OOB,1.0025253913778707
sea_P(y),4,incremental,WEOB1,1.002972777212369
sea_P(y),4,incremental,OOB,1.0017094026906894
sea_P(y),4,incremental,improved_UOB,1.0017933104086723
sea_P(y),4,incremental,WEOB2,0.998735018042165
sea_P(y),4,incremental,UOB,1.0011870192610084
sea_P(y),4,incremental,CSMOTE,0.9943366655272933
sea_P(y),4,incremental,RebalanceStream,0.996740415479932
sea_P(y),4,sudden,improved_OOB,1.002472404529176
sea_P(y),4,sudden,WEOB1,1.002925608697829
sea_P(y),4,sudden,OOB,1.0017072416154578
sea_P(y),4,sudden,improved_UOB,1.001671191809533
sea_P(y),4,sudden,WEOB2,0.9984045383346796
sea_P(y),4,sudden,UOB,1.001560865055951
sea_P(y),4,sudden,CSMOTE,0.9945701871264611
sea_P(y),4,sudden,RebalanceStream,0.9966879628309138
sea_P(y_x),1,sudden,improved_OOB,1.030736983547293
sea_P(y_x),1,sudden,WEOB1,1.0279099647591239
sea_P(y_x),1,sudden,OOB,1.0359024016853553
sea_P(y_x),1,sudden,improved_UOB,1.0053572350311493
sea_P(y_x),1,sudden,WEOB2,0.9964275649065368
sea_P(y_x),1,sudden,UOB,1.0058488124536669
sea_P(y_x),1,sudden,CSMOTE,0.9901740517172264
sea_P(y_x),1,sudden,RebalanceStream,0.9076429858996481
sea_P(y_x),1,incremental,improved_OOB,1.027334433870359
sea_P(y_x),1,incremental,WEOB1,1.02649368617188
sea_P(y_x),1,incremental,OOB,1.0315691762303683
sea_P(y_x),1,incremental,improved_UOB,1.0072128201204213
sea_P(y_x),1,incremental,WEOB2,1.000116451792001
sea_P(y_x),1,incremental,UOB,1.0098010347088346
sea_P(y_x),1,incremental,CSMOTE,0.9873354338104288
sea_P(y_x),1,incremental,RebalanceStream,0.9101369632957068
sea_P(y_x),3,incremental,improved_OOB,1.0100615109535773
sea_P(y_x),3,incremental,WEOB1,1.0087456434569104
sea_P(y_x),3,incremental,OOB,1.0122193803237445
sea_P(y_x),3,incremental,improved_UOB,1.0019950859772926
sea_P(y_x),3,incremental,WEOB2,0.9826610619043453
sea_P(y_x),3,incremental,UOB,0.9982114879030561
sea_P(y_x),3,incremental,CSMOTE,1.0006765462323908
sea_P(y_x),3,incremental,RebalanceStream,0.9854292832486826
sea_P(y_x),3,sudden,improved_OOB,1.0107156823051817
sea_P(y_x),3,sudden,WEOB1,1.0088110443855764
sea_P(y_x),3,sudden,OOB,1.0140411607970832
sea_P(y_x),3,sudden,improved_UOB,1.0010162799514146
sea_P(y_x),3,sudden,WEOB2,0.9783881328457635
sea_P(y_x),3,sudden,UOB,0.9971726367039717
sea_P(y_x),3,sudden,CSMOTE,1.0033033370714808
sea_P(y_x),3,sudden,RebalanceStream,0.9865517259395283
sea_P(y_x),2,sudden,improved_OOB,1.0218088975146251
sea_P(y_x),2,sudden,WEOB1,1.0197851439180297
sea_P(y_x),2,sudden,OOB,1.0241180209335006
sea_P(y_x),2,sudden,improved_UOB,1.0079148928179844
sea_P(y_x),2,sudden,WEOB2,0.986874187032111
sea_P(y_x),2,sudden,UOB,1.0040073952759907
sea_P(y_x),2,sudden,CSMOTE,1.00257290146898
sea_P(y_x),2,sudden,RebalanceStream,0.9329185610387786
sea_P(y_x),2,incremental,improved_OOB,1.0207383157131984
sea_P(y_x),2,incremental,WEOB1,1.0187812444397744
sea_P(y_x),2,incremental,OOB,1.0250213823028924
sea_P(y_x),2,incremental,improved_UOB,1.0075376622165655
sea_P(y_x),2,incremental,WEOB2,0.9932052075970542
sea_P(y_x),2,incremental,UOB,1.0030428433378482
sea_P(y_x),2,incremental,CSMOTE,0.9946477685642102
sea_P(y_x),2,incremental,RebalanceStream,0.9370255758284562
sea_P(y_x),4,incremental,improved_OOB,1.0066980936236447
sea_P(y_x),4,incremental,WEOB1,1.0062989516083924
sea_P(y_x),4,incremental,OOB,1.0093822516129143
sea_P(y_x),4,incremental,improved_UOB,1.0037606836998578
sea_P(y_x),4,incremental,WEOB2,0.975054297858292
sea_P(y_x),4,incremental,UOB,1.0009980975750274
sea_P(y_x),4,incremental,CSMOTE,1.0003936902115207
sea_P(y_x),4,incremental,RebalanceStream,0.9974139338103507
sea_P(y_x),4,sudden,improved_OOB,1.0065506753837197
sea_P(y_x),4,sudden,WEOB1,1.0058017477369348
sea_P(y_x),4,sudden,OOB,1.0111744983094972
sea_P(y_x),4,sudden,improved_UOB,1.0026395586054941
sea_P(y_x),4,sudden,WEOB2,0.9671492829570648
sea_P(y_x),4,sudden,UOB,1.0033285756235653
sea_P(y_x),4,sudden,CSMOTE,1.0037638969927662
sea_P(y_x),4,sudden,RebalanceStream,0.9995917643909583
sea_P(x_y),1,sudden,improved_OOB,1.0243709403527919
sea_P(x_y),1,sudden,WEOB1,1.028101236565431
sea_P(x_y),1,sudden,OOB,1.0262499076042517
sea_P(x_y),1,sudden,improved_UOB,1.009848880217191
sea_P(x_y),1,sudden,WEOB2,0.9967462581285137
sea_P(x_y),1,sudden,UOB,1.0066278503512665
sea_P(x_y),1,sudden,CSMOTE,0.9940298755298451
sea_P(x_y),1,sudden,RebalanceStream,0.914025051250709
sea_P(x_y),1,incremental,improved_OOB,1.0205483991926947
sea_P(x_y),1,incremental,WEOB1,1.0248000451300132
sea_P(x_y),1,incremental,OOB,1.0247736846813817
sea_P(x_y),1,incremental,improved_UOB,1.0099334185200088
sea_P(x_y),1,incremental,WEOB2,1.0078582192999428
sea_P(x_y),1,incremental,UOB,1.0096215304865723
sea_P(x_y),1,incremental,CSMOTE,0.9868520144202901
sea_P(x_y),1,incremental,RebalanceStream,0.9156126882690965
sea_P(x_y),3,incremental,improved_OOB,1.006063554749807
sea_P(x_y),3,incremental,WEOB1,1.005243731415493
sea_P(x_y),3,incremental,OOB,1.007594676089569
sea_P(x_y),3,incremental,improved_UOB,0.9997205842630446
sea_P(x_y),3,incremental,WEOB2,0.9905823136464182
sea_P(x_y),3,incremental,UOB,0.9952000420885104
sea_P(x_y),3,incremental,CSMOTE,1.0028288746204375
sea_P(x_y),3,incremental,RebalanceStream,0.9927662231267204
sea_P(x_y),3,sudden,improved_OOB,1.0066527649509904
sea_P(x_y),3,sudden,WEOB1,1.0051687327560532
sea_P(x_y),3,sudden,OOB,1.0101248224554227
sea_P(x_y),3,sudden,improved_UOB,0.9999118277681216
sea_P(x_y),3,sudden,WEOB2,0.9973938238648742
sea_P(x_y),3,sudden,UOB,0.9974788934791037
sea_P(x_y),3,sudden,CSMOTE,1.0040756924227754
sea_P(x_y),3,sudden,RebalanceStream,0.9791934423026571
sea_P(x_y),2,sudden,improved_OOB,1.0110272132866474
sea_P(x_y),2,sudden,WEOB1,1.0111886248889232
sea_P(x_y),2,sudden,OOB,1.0153952974959024
sea_P(x_y),2,sudden,improved_UOB,1.0058989352929653
sea_P(x_y),2,sudden,WEOB2,0.9959792091382103
sea_P(x_y),2,sudden,UOB,1.003502804874834
sea_P(x_y),2,sudden,CSMOTE,0.9812553700429322
sea_P(x_y),2,sudden,RebalanceStream,0.9757525449795859
sea_P(x_y),2,incremental,improved_OOB,1.0097439167947173
sea_P(x_y),2,incremental,WEOB1,1.0099285972399268
sea_P(x_y),2,incremental,OOB,1.0117356472625456
sea_P(x_y),2,incremental,improved_UOB,1.0018717223473812
sea_P(x_y),2,incremental,WEOB2,0.992276189678755
sea_P(x_y),2,incremental,UOB,0.9992549762868088
sea_P(x_y),2,incremental,CSMOTE,0.9885086266229814
sea_P(x_y),2,incremental,RebalanceStream,0.9866803237668841
sea_P(x_y),4,incremental,improved_OOB,1.0047147782349375
sea_P(x_y),4,incremental,WEOB1,1.0038387531662
sea_P(x_y),4,incremental,OOB,1.006340046975662
sea_P(x_y),4,incremental,improved_UOB,1.0012469395165078
sea_P(x_y),4,incremental,WEOB2,0.9861783363989437
sea_P(x_y),4,incremental,UOB,0.992775129993956
sea_P(x_y),4,incremental,CSMOTE,1.0040095904737094
sea_P(x_y),4,incremental,RebalanceStream,1.0008964252400836
sea_P(x_y),4,sudden,improved_OOB,1.0030193844357813
sea_P(x_y),4,sudden,WEOB1,1.0022713241284429
sea_P(x_y),4,sudden,OOB,1.00825920902864
sea_P(x_y),4,sudden,improved_UOB,0.9989751311647698
sea_P(x_y),4,sudden,WEOB2,0.9950404817345786
sea_P(x_y),4,sudden,UOB,0.9941145931023926
sea_P(x_y),4,sudden,CSMOTE,1.0022629912426226
sea_P(x_y),4,sudden,RebalanceStream,0.9960568851627734
sine_P(y),4,incremental,improved_OOB,1.0011013221304275
sine_P(y),4,incremental,WEOB1,1.0010159524331155
sine_P(y),4,incremental,OOB,1.0003904784035078
sine_P(y),4,incremental,improved_UOB,1.0001454041589672
sine_P(y),4,incremental,WEOB2,0.9999415892461198
sine_P(y),4,incremental,UOB,1.0003904784035078
sine_P(y),4,incremental,CSMOTE,0.9986067889451077
sine_P(y),4,incremental,RebalanceStream,0.9984079862792479
sine_P(y),4,sudden,improved_OOB,1.001005973772596
sine_P(y),4,sudden,WEOB1,1.0009980950249602
sine_P(y),4,sudden,OOB,1.0003835017062865
sine_P(y),4,sudden,improved_UOB,1.0001547652622473
sine_P(y),4,sudden,WEOB2,0.9998309933964734
sine_P(y),4,sudden,UOB,1.0003835017062865
sine_P(y),4,sudden,CSMOTE,0.9987071942024016
sine_P(y),4,sudden,RebalanceStream,0.9985359749287483
sine_P(y),3,sudden,improved_OOB,1.0030125312788996
sine_P(y),3,sudden,WEOB1,1.0027009589352325
sine_P(y),3,sudden,OOB,1.0013770000393278
sine_P(y),3,sudden,improved_UOB,1.0007589152688763
sine_P(y),3,sudden,WEOB2,1.000018028577335
sine_P(y),3,sudden,UOB,1.0013770000393278
sine_P(y),3,sudden,CSMOTE,0.9988720989813318
sine_P(y),3,sudden,RebalanceStream,0.9918834668796686
sine_P(y),3,incremental,improved_OOB,1.0016933276796312
sine_P(y),3,incremental,WEOB1,1.0014884669037751
sine_P(y),3,incremental,OOB,1.0002726817619425
sine_P(y),3,incremental,improved_UOB,0.9995907586404486
sine_P(y),3,incremental,WEOB2,0.9988319454536442
sine_P(y),3,incremental,UOB,1.0002726817619425
sine_P(y),3,incremental,CSMOTE,0.9999752569732678
sine_P(y),3,incremental,RebalanceStream,0.9978748808253484
sine_P(y),1,sudden,improved_OOB,1.008825600121584
sine_P(y),1,sudden,WEOB1,1.0092670037270752
sine_P(y),1,sudden,OOB,1.0083377955600092
sine_P(y),1,sudden,improved_UOB,1.0037405937305572
sine_P(y),1,sudden,WEOB2,1.004385191769439
sine_P(y),1,sudden,UOB,1.002347965820634
sine_P(y),1,sudden,CSMOTE,0.9887553348787789
sine_P(y),1,sudden,RebalanceStream,0.9743405143919227
sine_P(y),1,incremental,improved_OOB,1.0069523177131157
sine_P(y),1,incremental,WEOB1,1.0073733222702055
sine_P(y),1,incremental,OOB,1.0063233192445105
sine_P(y),1,incremental,improved_UOB,1.0024905890177453
sine_P(y),1,incremental,WEOB2,1.0026816588544518
sine_P(y),1,incremental,UOB,1.0018135708353495
sine_P(y),1,incremental,CSMOTE,0.9900864124634887
sine_P(y),1,incremental,RebalanceStream,0.9822788096011322
sine_P(y),2,incremental,improved_OOB,1.0047916202596494
sine_P(y),2,incremental,WEOB1,1.0044812911632743
sine_P(y),2,incremental,OOB,1.00505287379121
sine_P(y),2,incremental,improved_UOB,1.0014276056789102
sine_P(y),2,incremental,WEOB2,1.0002533476949962
sine_P(y),2,incremental,UOB,1.0008908970507002
sine_P(y),2,incremental,CSMOTE,0.996709123457776
sine_P(y),2,incremental,RebalanceStream,0.9863932409034848
sine_P(y),2,sudden,improved_OOB,1.0052323517943713
sine_P(y),2,sudden,WEOB1,1.005047646796687
sine_P(y),2,sudden,OOB,1.005610455107462
sine_P(y),2,sudden,improved_UOB,1.0019869327649762
sine_P(y),2,sudden,WEOB2,1.0007042033840632
sine_P(y),2,sudden,UOB,1.0014537312443503
sine_P(y),2,sudden,CSMOTE,0.9930052165032458
sine_P(y),2,sudden,RebalanceStream,0.9869594624048441
sine_P(y_x),4,incremental,improved_OOB,1.0216121022706126
sine_P(y_x),4,incremental,WEOB1,1.0218288381477016
sine_P(y_x),4,incremental,OOB,1.020723592568141
sine_P(y_x),4,incremental,improved_UOB,1.0202133131252276
sine_P(y_x),4,incremental,WEOB2,0.8711315068966073
sine_P(y_x),4,incremental,UOB,1.0157618064628398
sine_P(y_x),4,incremental,CSMOTE,1.0134580102651494
sine_P(y_x),4,incremental,RebalanceStream,1.015270830263721
sine_P(y_x),4,sudden,improved_OOB,1.0132737876689295
sine_P(y_x),4,sudden,WEOB1,1.013139983794552
sine_P(y_x),4,sudden,OOB,1.0107487278139142
sine_P(y_x),4,sudden,improved_UOB,1.0096435146470688
sine_P(y_x),4,sudden,WEOB2,0.9285098196835586
sine_P(y_x),4,sudden,UOB,1.0107487278139142
sine_P(y_x),4,sudden,CSMOTE,1.0033509948915067
sine_P(y_x),4,sudden,RebalanceStream,1.0105844436865552
sine_P(y_x),3,sudden,improved_OOB,1.0162049377574032
sine_P(y_x),3,sudden,WEOB1,1.015002541725808
sine_P(y_x),3,sudden,OOB,1.0162543080818935
sine_P(y_x),3,sudden,improved_UOB,1.011511773371817
sine_P(y_x),3,sudden,WEOB2,0.9209091950854408
sine_P(y_x),3,sudden,UOB,1.009034506393725
sine_P(y_x),3,sudden,CSMOTE,1.0015565250527647
sine_P(y_x),3,sudden,RebalanceStream,1.009526212531148
sine_P(y_x),3,incremental,improved_OOB,1.0228654750864947
sine_P(y_x),3,incremental,WEOB1,1.022267960239267
sine_P(y_x),3,incremental,OOB,1.0209409679263979
sine_P(y_x),3,incremental,improved_UOB,1.0184019558555515
sine_P(y_x),3,incremental,WEOB2,0.8811351275356424
sine_P(y_x),3,incremental,UOB,1.0149460943070137
sine_P(y_x),3,incremental,CSMOTE,1.007131994588887
sine_P(y_x),3,incremental,RebalanceStream,1.0123104244607444
sine_P(y_x),1,sudden,improved_OOB,1.0437420403225497
sine_P(y_x),1,sudden,WEOB1,1.0445464488606504
sine_P(y_x),1,sudden,OOB,1.0440137742269577
sine_P(y_x),1,sudden,improved_UOB,1.0144795901523829
sine_P(y_x),1,sudden,WEOB2,0.8562156440782255
sine_P(y_x),1,sudden,UOB,0.9982919958264339
sine_P(y_x),1,sudden,CSMOTE,0.9848582833205336
sine_P(y_x),1,sudden,RebalanceStream,1.0138522232122662
sine_P(y_x),1,incremental,improved_OOB,1.04730870132701
sine_P(y_x),1,incremental,WEOB1,1.0482951225271133
sine_P(y_x),1,incremental,OOB,1.048518193685291
sine_P(y_x),1,incremental,improved_UOB,1.0243137332277459
sine_P(y_x),1,incremental,WEOB2,0.8312917971362263
sine_P(y_x),1,incremental,UOB,1.0184046154203092
sine_P(y_x),1,incremental,CSMOTE,0.9964988486807276
sine_P(y_x),1,incremental,RebalanceStream,0.9853689879955758
sine_P(y_x),2,incremental,improved_OOB,1.0333190858581183
sine_P(y_x),2,incremental,WEOB1,1.032621710095474
sine_P(y_x),2,incremental,OOB,1.0346444679213234
sine_P(y_x),2,incremental,improved_UOB,1.0256872662279928
sine_P(y_x),2,incremental,WEOB2,0.8444194863916321
sine_P(y_x),2,incremental,UOB,1.025582085992015
sine_P(y_x),2,incremental,CSMOTE,1.0073798729941326
sine_P(y_x),2,incremental,RebalanceStream,0.9963460245193115
sine_P(y_x),2,sudden,improved_OOB,1.0340485970631146
sine_P(y_x),2,sudden,WEOB1,1.0337399702062287
sine_P(y_x),2,sudden,OOB,1.036160798752804
sine_P(y_x),2,sudden,improved_UOB,1.0196649532349908
sine_P(y_x),2,sudden,WEOB2,0.8340348983757802
sine_P(y_x),2,sudden,UOB,1.0159927424903252
sine_P(y_x),2,sudden,CSMOTE,1.0074426923946451
sine_P(y_x),2,sudden,RebalanceStream,1.0189153474821127
sine_P(x_y),4,incremental,improved_OOB,1.0015109222185141
sine_P(x_y),4,incremental,WEOB1,1.0012098637336437
sine_P(x_y),4,incremental,OOB,1.0013482060235828
sine_P(x_y),4,incremental,improved_UOB,0.9997780993661258
sine_P(x_y),4,incremental,WEOB2,0.998975334536614
sine_P(x_y),4,incremental,UOB,1.001348206023583
sine_P(x_y),4,incremental,CSMOTE,0.9989347687688602
sine_P(x_y),4,incremental,RebalanceStream,0.996894599329076
sine_P(x_y),4,sudden,improved_OOB,1.0013230320370279
sine_P(x_y),4,sudden,WEOB1,1.00100871643427
sine_P(x_y),4,sudden,OOB,1.001222317591965
sine_P(x_y),4,sudden,improved_UOB,0.999660006772315
sine_P(x_y),4,sudden,WEOB2,0.9993502428558133
sine_P(x_y),4,sudden,UOB,1.001222317591965
sine_P(x_y),4,sudden,CSMOTE,0.9988413712086097
sine_P(x_y),4,sudden,RebalanceStream,0.9973719955080332
sine_P(x_y),3,sudden,improved_OOB,1.001657231745691
sine_P(x_y),3,sudden,WEOB1,1.0018905087330134
sine_P(x_y),3,sudden,OOB,1.0020686870254785
sine_P(x_y),3,sudden,improved_UOB,1.0000114756205964
sine_P(x_y),3,sudden,WEOB2,0.9994691563236572
sine_P(x_y),3,sudden,UOB,0.9986251486936505
sine_P(x_y),3,sudden,CSMOTE,0.9993612215100256
sine_P(x_y),3,sudden,RebalanceStream,0.9969165703478872
sine_P(x_y),3,incremental,improved_OOB,1.0018688438706846
sine_P(x_y),3,incremental,WEOB1,1.0023647458035614
sine_P(x_y),3,incremental,OOB,1.0024505134512667
sine_P(x_y),3,incremental,improved_UOB,1.000346645992445
sine_P(x_y),3,incremental,WEOB2,0.9996965233760934
sine_P(x_y),3,incremental,UOB,0.9987322112937503
sine_P(x_y),3,incremental,CSMOTE,0.9999911318702813
sine_P(x_y),3,incremental,RebalanceStream,0.994549384341917
sine_P(x_y),1,sudden,improved_OOB,1.0052752558611628
sine_P(x_y),1,sudden,WEOB1,1.0068149294835074
sine_P(x_y),1,sudden,OOB,1.0052761417847447
sine_P(x_y),1,sudden,improved_UOB,1.0041645665782168
sine_P(x_y),1,sudden,WEOB2,1.0014533165000117
sine_P(x_y),1,sudden,UOB,1.002660998053236
sine_P(x_y),1,sudden,CSMOTE,0.9837890161675327
sine_P(x_y),1,sudden,RebalanceStream,0.9905657755715881
sine_P(x_y),1,incremental,improved_OOB,1.0050252055821032
sine_P(x_y),1,incremental,WEOB1,1.0065521374008277
sine_P(x_y),1,incremental,OOB,1.005371391133195
sine_P(x_y),1,incremental,improved_UOB,1.00450993074766
sine_P(x_y),1,incremental,WEOB2,1.0014776516460882
sine_P(x_y),1,incremental,UOB,1.0029975836606033
sine_P(x_y),1,incremental,CSMOTE,0.983365333859127
sine_P(x_y),1,incremental,RebalanceStream,0.9907007659703949
sine_P(x_y),2,incremental,improved_OOB,1.0031460291499303
sine_P(x_y),2,incremental,WEOB1,1.0033704028590487
sine_P(x_y),2,incremental,OOB,1.0034944730023703
sine_P(x_y),2,incremental,improved_UOB,1.0006236736365837
sine_P(x_y),2,incremental,WEOB2,1.0002166888650297
sine_P(x_y),2,incremental,UOB,0.9992827741326212
sine_P(x_y),2,incremental,CSMOTE,0.9939616816331606
sine_P(x_y),2,incremental,RebalanceStream,0.9959042767212559
sine_P(x_y),2,sudden,improved_OOB,1.0028278003956606
sine_P(x_y),2,sudden,WEOB1,1.0031794051015712
sine_P(x_y),2,sudden,OOB,1.0031106050319671
sine_P(x_y),2,sudden,improved_UOB,1.0002297348497629
sine_P(x_y),2,sudden,WEOB2,0.9999979186713506
sine_P(x_y),2,sudden,UOB,0.9989725922985986
sine_P(x_y),2,sudden,CSMOTE,0.995991816899612
sine_P(x_y),2,sudden,RebalanceStream,0.9956901267514767
jitter,1,incremental,improved_OOB,1.0313768402861023
jitter,1,incremental,WEOB1,1.038173192544351
jitter,1,incremental,CSMOTE,0.9932686071152544
jitter,1,incremental,OOB,1.0343466106759456
jitter,1,incremental,improved_UOB,1.0161401040686606
jitter,1,incremental,WEOB2,1.0142760407534326
jitter,1,incremental,UOB,1.0145345526350709
jitter,1,incremental,RebalanceStream,0.857884051921182
jitter,1,sudden,improved_OOB,1.033329483669142
jitter,1,sudden,WEOB1,1.0333937350981703
jitter,1,sudden,CSMOTE,0.9880114899686864
jitter,1,sudden,OOB,1.0333395660534577
jitter,1,sudden,improved_UOB,1.0053404396665733
jitter,1,sudden,WEOB2,0.9911123060810243
jitter,1,sudden,UOB,0.9983176486968626
jitter,1,sudden,RebalanceStream,0.9171553307660821
jitter,1,periodic,improved_OOB,1.0313768402861023
jitter,1,periodic,WEOB1,1.038173192544351
jitter,1,periodic,CSMOTE,0.9932686071152544
jitter,1,periodic,OOB,1.0343466106759456
jitter,1,periodic,improved_UOB,1.0161401040686606
jitter,1,periodic,WEOB2,1.0142760407534326
jitter,1,periodic,UOB,1.0145345526350709
jitter,1,periodic,RebalanceStream,0.857884051921182
jitter,2,incremental,improved_OOB,1.0219670867123047
jitter,2,incremental,WEOB1,1.0219819571751747
jitter,2,incremental,CSMOTE,0.99030440341027
jitter,2,incremental,OOB,1.0270451081050498
jitter,2,incremental,improved_UOB,0.9902297442694545
jitter,2,incremental,WEOB2,0.9998335826195787
jitter,2,incremental,UOB,0.9973082185449249
jitter,2,incremental,RebalanceStream,0.951329899163242
jitter,2,sudden,improved_OOB,1.0187645632127798
jitter,2,sudden,WEOB1,1.0171213290897734
jitter,2,sudden,CSMOTE,0.9849315325482183
jitter,2,sudden,OOB,1.021336722353108
jitter,2,sudden,improved_UOB,1.0008212378218293
jitter,2,sudden,WEOB2,0.9873946122106338
jitter,2,sudden,UOB,0.9964455935014515
jitter,2,sudden,RebalanceStream,0.9731844092622056
jitter,2,periodic,improved_OOB,1.0219670867123047
jitter,2,periodic,WEOB1,1.0219819571751747
jitter,2,periodic,CSMOTE,0.99030440341027
jitter,2,periodic,OOB,1.0270451081050498
jitter,2,periodic,improved_UOB,0.9902297442694545
jitter,2,periodic,WEOB2,0.9998335826195787
jitter,2,periodic,UOB,0.9973082185449249
jitter,2,periodic,RebalanceStream,0.951329899163242
jitter,3,incremental,improved_OOB,1.0115843358707897
jitter,3,incremental,WEOB1,1.0095114358021091
jitter,3,incremental,CSMOTE,0.987225530754111
jitter,3,incremental,OOB,1.0121491652219299
jitter,3,incremental,improved_UOB,1.0031449912163282
jitter,3,incremental,WEOB2,0.9931179011491404
jitter,3,incremental,UOB,0.9976064088256892
jitter,3,incremental,RebalanceStream,0.9856602311599019
jitter,3,sudden,improved_OOB,1.0133768830737697
jitter,3,sudden,WEOB1,1.0109462271204581
jitter,3,sudden,CSMOTE,0.9816548566960174
jitter,3,sudden,OOB,1.0137184204971468
jitter,3,sudden,improved_UOB,1.0034342542013175
jitter,3,sudden,WEOB2,0.983639075910873
jitter,3,sudden,UOB,0.9968829742419607
jitter,3,sudden,RebalanceStream,0.9963473082584572
jitter,3,periodic,improved_OOB,1.0115843358707897
jitter,3,periodic,WEOB1,1.0095114358021091
jitter,3,periodic,CSMOTE,0.987225530754111
jitter,3,periodic,OOB,1.0121491652219299
jitter,3,periodic,improved_UOB,1.0031449912163282
jitter,3,periodic,WEOB2,0.9931179011491404
jitter,3,periodic,UOB,0.9976064088256892
jitter,3,periodic,RebalanceStream,0.9856602311599019
jitter,4,incremental,improved_OOB,1.0114231129322135
jitter,4,incremental,WEOB1,1.0086235785288813
jitter,4,incremental,CSMOTE,0.9891867849639683
jitter,4,incremental,OOB,1.0050646334086304
jitter,4,incremental,improved_UOB,0.9955794625376702
jitter,4,incremental,WEOB2,0.9916777896547873
jitter,4,incremental,UOB,1.0050646334086304
jitter,4,incremental,RebalanceStream,0.9933800045652185
jitter,4,sudden,improved_OOB,1.009079837271449
jitter,4,sudden,WEOB1,1.0078206502734348
jitter,4,sudden,CSMOTE,0.9825980100589774
jitter,4,sudden,OOB,1.007123901975809
jitter,4,sudden,improved_UOB,1.0030923462255306
jitter,4,sudden,WEOB2,0.9783991774002513
jitter,4,sudden,UOB,1.007123901975809
jitter,4,sudden,RebalanceStream,1.0047621748187385
jitter,4,periodic,improved_OOB,1.0114231129322135
jitter,4,periodic,WEOB1,1.0086235785288813
jitter,4,periodic,CSMOTE,0.9891867849639683
jitter,4,periodic,OOB,1.0050646334086304
jitter,4,periodic,improved_UOB,0.9955794625376702
jitter,4,periodic,WEOB2,0.9916777896547873
jitter,4,periodic,UOB,1.0050646334086304
jitter,4,periodic,RebalanceStream,0.9933800045652185
disappearing-minority,1,incremental,improved_OOB,1.0291171671224602
disappearing-minority,1,incremental,WEOB1,1.0289681025742956
disappearing-minority,1,incremental,CSMOTE,1.003297321870287
disappearing-minority,1,incremental,OOB,1.0293851302543382
disappearing-minority,1,incremental,improved_UOB,1.009317839284685
disappearing-minority,1,incremental,WEOB2,1.0081958916997182
disappearing-minority,1,incremental,UOB,1.008060314421829
disappearing-minority,1,incremental,RebalanceStream,0.8836582327723873
disappearing-minority,1,sudden,improved_OOB,1.025726368127522
disappearing-minority,1,sudden,WEOB1,1.0269435135550715
disappearing-minority,1,sudden,CSMOTE,1.0072624122387046
disappearing-minority,1,sudden,OOB,1.0260061910323317
disappearing-minority,1,sudden,improved_UOB,1.0089157074546624
disappearing-minority,1,sudden,WEOB2,1.008159722391039
disappearing-minority,1,sudden,UOB,1.0076547648271537
disappearing-minority,1,sudden,RebalanceStream,0.8893313203735143
disappearing-minority,1,periodic,improved_OOB,1.029889500976004
disappearing-minority,1,periodic,WEOB1,1.0359705761852833
disappearing-minority,1,periodic,CSMOTE,1.0039794727955356
disappearing-minority,1,periodic,OOB,1.0311607588899463
disappearing-minority,1,periodic,improved_UOB,1.0153097592658542
disappearing-minority,1,periodic,WEOB2,1.010061767191325
disappearing-minority,1,periodic,UOB,1.01416921593709
disappearing-minority,1,periodic,RebalanceStream,0.8594589487589613
disappearing-minority,2,incremental,improved_OOB,1.0138950476947126
disappearing-minority,2,incremental,WEOB1,1.0130143987341975
disappearing-minority,2,incremental,CSMOTE,1.0039655535075345
disappearing-minority,2,incremental,OOB,1.0168684857146773
disappearing-minority,2,incremental,improved_UOB,1.00224205192669
disappearing-minority,2,incremental,WEOB2,0.9992516496859905
disappearing-minority,2,incremental,UOB,0.9987660964179609
disappearing-minority,2,incremental,RebalanceStream,0.9519967163182368
disappearing-minority,2,sudden,improved_OOB,1.0120138203108278
disappearing-minority,2,sudden,WEOB1,1.0113485810679375
disappearing-minority,2,sudden,CSMOTE,1.0079386356122313
disappearing-minority,2,sudden,OOB,1.0150616880517072
disappearing-minority,2,sudden,improved_UOB,1.000499286746027
disappearing-minority,2,sudden,WEOB2,0.9978975882333998
disappearing-minority,2,sudden,UOB,0.9975755191196461
disappearing-minority,2,sudden,RebalanceStream,0.9576648808582233
disappearing-minority,2,periodic,improved_OOB,1.0215981150824878
disappearing-minority,2,periodic,WEOB1,1.0237547940429839
disappearing-minority,2,periodic,CSMOTE,1.0064239729252518
disappearing-minority,2,periodic,OOB,1.0249862982120124
disappearing-minority,2,periodic,improved_UOB,1.014971517293492
disappearing-minority,2,periodic,WEOB2,1.01062509398361
disappearing-minority,2,periodic,UOB,1.0102967416537172
disappearing-minority,2,periodic,RebalanceStream,0.8873434668064454
disappearing-minority,3,incremental,improved_OOB,1.0083101812784787
disappearing-minority,3,incremental,WEOB1,1.0066199628646046
disappearing-minority,3,incremental,CSMOTE,1.0021237360666533
disappearing-minority,3,incremental,OOB,1.0084903597693438
disappearing-minority,3,incremental,improved_UOB,1.0011598856029889
disappearing-minority,3,incremental,WEOB2,0.9978199305038624
disappearing-minority,3,incremental,UOB,0.9953178267575181
disappearing-minority,3,incremental,RebalanceStream,0.9801581171565503
disappearing-minority,3,sudden,improved_OOB,1.0066466366958042
disappearing-minority,3,sudden,WEOB1,1.0048127522336854
disappearing-minority,3,sudden,CSMOTE,1.0039394707536464
disappearing-minority,3,sudden,OOB,1.0067627701103072
disappearing-minority,3,sudden,improved_UOB,0.9996587033447428
disappearing-minority,3,sudden,WEOB2,0.9959913360250401
disappearing-minority,3,sudden,UOB,0.9936250846544152
disappearing-minority,3,sudden,RebalanceStream,0.9885632461823587
disappearing-minority,3,periodic,improved_OOB,1.0108999621013488
disappearing-minority,3,periodic,WEOB1,1.0131574425616803
disappearing-minority,3,periodic,CSMOTE,1.0026426117158334
disappearing-minority,3,periodic,OOB,1.0114566992379144
disappearing-minority,3,periodic,improved_UOB,1.0084491974151542
disappearing-minority,3,periodic,WEOB2,1.0044775259701781
disappearing-minority,3,periodic,UOB,1.0026055005464543
disappearing-minority,3,periodic,RebalanceStream,0.9463110604514355
disappearing-minority,4,incremental,improved_OOB,1.005386319163719
disappearing-minority,4,incremental,WEOB1,1.0040093839245448
disappearing-minority,4,incremental,CSMOTE,1.0007677035553708
disappearing-minority,4,incremental,OOB,1.003299517504191
disappearing-minority,4,incremental,improved_UOB,0.9991715443994591
disappearing-minority,4,incremental,WEOB2,0.9957303656493715
disappearing-minority,4,incremental,UOB,1.0032963007097733
disappearing-minority,4,incremental,RebalanceStream,0.9883388650935713
disappearing-minority,4,sudden,improved_OOB,1.0032680517035804
disappearing-minority,4,sudden,WEOB1,1.002225385497855
disappearing-minority,4,sudden,CSMOTE,1.0035472877077893
disappearing-minority,4,sudden,OOB,1.0008416253376806
disappearing-minority,4,sudden,improved_UOB,0.9978157628780359
disappearing-minority,4,sudden,WEOB2,0.9938307804942721
disappearing-minority,4,sudden,UOB,1.0008416253376806
disappearing-minority,4,sudden,RebalanceStream,0.9976294810431063
disappearing-minority,4,periodic,improved_OOB,1.0052085890771532
disappearing-minority,4,periodic,WEOB1,1.007054350320484
disappearing-minority,4,periodic,CSMOTE,0.9993794180392015
disappearing-minority,4,periodic,OOB,1.003702791174362
disappearing-minority,4,periodic,improved_UOB,1.0035355701543371
disappearing-minority,4,periodic,WEOB2,0.9994021512578231
disappearing-minority,4,periodic,UOB,0.9953439644240211
disappearing-minority,4,periodic,RebalanceStream,0.9863731655526167
appearing-minority,1,incremental,improved_OOB,1.0187471706226041
appearing-minority,1,incremental,WEOB1,1.0251765065564054
appearing-minority,1,incremental,CSMOTE,0.9997400081413961
appearing-minority,1,incremental,OOB,1.0227482002641841
appearing-minority,1,incremental,improved_UOB,1.0100791539479625
appearing-minority,1,incremental,WEOB2,1.0073914978208585
appearing-minority,1,incremental,UOB,1.0054176786291391
appearing-minority,1,incremental,RebalanceStream,0.9106997840174502
appearing-minority,1,sudden,improved_OOB,1.0241227912010789
appearing-minority,1,sudden,WEOB1,1.0265769996258667
appearing-minority,1,sudden,CSMOTE,1.0045479760471834
appearing-minority,1,sudden,OOB,1.0288815189330198
appearing-minority,1,sudden,improved_UOB,1.0070340086547993
appearing-minority,1,sudden,WEOB2,1.0047231966016308
appearing-minority,1,sudden,UOB,1.0019190804370246
appearing-minority,1,sudden,RebalanceStream,0.9021944284993961
appearing-minority,1,periodic,improved_OOB,1.001209003811988
appearing-minority,1,periodic,WEOB1,1.004104319434555
appearing-minority,1,periodic,CSMOTE,0.9994862257622427
appearing-minority,1,periodic,OOB,1.001195031312602
appearing-minority,1,periodic,improved_UOB,1.0025626264994645
appearing-minority,1,periodic,WEOB2,1.0024776670886193
appearing-minority,1,periodic,UOB,0.9944251420266744
appearing-minority,1,periodic,RebalanceStream,0.9945399840638546
appearing-minority,2,incremental,improved_OOB,1.0152656655772854
appearing-minority,2,incremental,WEOB1,1.0184790426978885
appearing-minority,2,incremental,CSMOTE,0.9979618939331193
appearing-minority,2,incremental,OOB,1.01863538902164
appearing-minority,2,incremental,improved_UOB,1.0043429088526985
appearing-minority,2,incremental,WEOB2,1.0005133689676564
appearing-minority,2,incremental,UOB,1.01282431094877
appearing-minority,2,incremental,RebalanceStream,0.9319774200009412
appearing-minority,2,sudden,improved_OOB,1.017254952998388
appearing-minority,2,sudden,WEOB1,1.016063741467059
appearing-minority,2,sudden,CSMOTE,1.0028821679837645
appearing-minority,2,sudden,OOB,1.017349655103155
appearing-minority,2,sudden,improved_UOB,1.0007100373829394
appearing-minority,2,sudden,WEOB2,0.9972406579370525
appearing-minority,2,sudden,UOB,1.0012346473264269
appearing-minority,2,sudden,RebalanceStream,0.9472641398012142
appearing-minority,2,periodic,improved_OOB,1.0019943317874027
appearing-minority,2,periodic,WEOB1,1.0033411834386072
appearing-minority,2,periodic,CSMOTE,0.9990983209946932
appearing-minority,2,periodic,OOB,1.0027842803493967
appearing-minority,2,periodic,improved_UOB,0.9999338657171449
appearing-minority,2,periodic,WEOB2,0.9998191272199932
appearing-minority,2,periodic,UOB,0.9975826624508994
appearing-minority,2,periodic,RebalanceStream,0.9954462280418624
appearing-minority,3,incremental,improved_OOB,1.008760946279795
appearing-minority,3,incremental,WEOB1,1.0076109048056536
appearing-minority,3,incremental,CSMOTE,0.9977774044844687
appearing-minority,3,incremental,OOB,1.0108698333069137
appearing-minority,3,incremental,improved_UOB,1.0008265159729293
appearing-minority,3,incremental,WEOB2,0.9954020774178776
appearing-minority,3,incremental,UOB,0.999511137145502
appearing-minority,3,incremental,RebalanceStream,0.9792411805868602
appearing-minority,3,sudden,improved_OOB,1.0095798642720542
appearing-minority,3,sudden,WEOB1,1.0086207078892506
appearing-minority,3,sudden,CSMOTE,1.0055815838214481
appearing-minority,3,sudden,OOB,1.0082199377781245
appearing-minority,3,sudden,improved_UOB,0.9957301213077582
appearing-minority,3,sudden,WEOB2,0.9922085061287664
appearing-minority,3,sudden,UOB,0.9982004587961949
appearing-minority,3,sudden,RebalanceStream,0.9818588200064031
appearing-minority,3,periodic,improved_OOB,1.0027211628446198
appearing-minority,3,periodic,WEOB1,1.002496884439447
appearing-minority,3,periodic,CSMOTE,0.9981646962496765
appearing-minority,3,periodic,OOB,1.0036182323986043
appearing-minority,3,periodic,improved_UOB,0.9992840018657453
appearing-minority,3,periodic,WEOB2,0.9988512543117445
appearing-minority,3,periodic,UOB,0.9988556576859541
appearing-minority,3,periodic,RebalanceStream,0.996008110204209
appearing-minority,4,incremental,improved_OOB,1.0056921781762627
appearing-minority,4,incremental,WEOB1,1.0054655771469772
appearing-minority,4,incremental,CSMOTE,0.9939036138374668
appearing-minority,4,incremental,OOB,1.0073474474499633
appearing-minority,4,incremental,improved_UOB,0.9997372352339106
appearing-minority,4,incremental,WEOB2,0.9977063557472353
appearing-minority,4,incremental,UOB,1.0001749420685708
appearing-minority,4,incremental,RebalanceStream,0.9899726503396131
appearing-minority,4,sudden,improved_OOB,1.0084076659263965
appearing-minority,4,sudden,WEOB1,1.0065906023324291
appearing-minority,4,sudden,CSMOTE,1.002024992763347
appearing-minority,4,sudden,OOB,1.0066007876458942
appearing-minority,4,sudden,improved_UOB,0.995469119901647
appearing-minority,4,sudden,WEOB2,0.9912530821195357
appearing-minority,4,sudden,UOB,0.9976237129009936
appearing-minority,4,sudden,RebalanceStream,0.9920300364097563
appearing-minority,4,periodic,improved_OOB,1.0034101082918676
appearing-minority,4,periodic,WEOB1,1.0026735148380943
appearing-minority,4,periodic,CSMOTE,0.9996091788137718
appearing-minority,4,periodic,OOB,1.0033580214808662
appearing-minority,4,periodic,improved_UOB,1.000814926047646
appearing-minority,4,periodic,WEOB2,0.999904064969091
appearing-minority,4,periodic,UOB,0.9995192032801276
appearing-minority,4,periodic,RebalanceStream,0.9907109822785359
appearing-clusters,1,incremental,improved_OOB,1.0108329414083754
appearing-clusters,1,incremental,WEOB1,1.0147183213969768
appearing-clusters,1,incremental,CSMOTE,0.9938025982366439
appearing-clusters,1,incremental,OOB,1.016355819957906
appearing-clusters,1,incremental,improved_UOB,1.0104382998170518
appearing-clusters,1,incremental,WEOB2,1.0015657739114445
appearing-clusters,1,incremental,UOB,1.009013588369262
appearing-clusters,1,incremental,RebalanceStream,0.9432726569023407
appearing-clusters,1,sudden,improved_OOB,1.0153768714719573
appearing-clusters,1,sudden,WEOB1,1.0159821641060194
appearing-clusters,1,sudden,CSMOTE,0.9949687452118078
appearing-clusters,1,sudden,OOB,1.0155621285479364
appearing-clusters,1,sudden,improved_UOB,1.0105107132508684
appearing-clusters,1,sudden,WEOB2,0.9960462162179636
appearing-clusters,1,sudden,UOB,1.0081933939469139
appearing-clusters,1,sudden,RebalanceStream,0.9433597672465329
appearing-clusters,1,periodic,improved_OOB,1.012823663271736
appearing-clusters,1,periodic,WEOB1,1.0125685628900551
appearing-clusters,1,periodic,CSMOTE,1.0026340482365637
appearing-clusters,1,periodic,OOB,1.0128829967038306
appearing-clusters,1,periodic,improved_UOB,1.0083090261368945
appearing-clusters,1,periodic,WEOB2,1.0062194431404676
appearing-clusters,1,periodic,UOB,1.0072779555348819
appearing-clusters,1,periodic,RebalanceStream,0.9372843040855702
appearing-clusters,2,incremental,improved_OOB,1.0070971694945174
appearing-clusters,2,incremental,WEOB1,1.0063029230136507
appearing-clusters,2,incremental,CSMOTE,0.9955934846969161
appearing-clusters,2,incremental,OOB,1.0083174232977175
appearing-clusters,2,incremental,improved_UOB,1.0013760053786622
appearing-clusters,2,incremental,WEOB2,0.9986232155039456
appearing-clusters,2,incremental,UOB,0.9996684472888007
appearing-clusters,2,incremental,RebalanceStream,0.9830213313257897
appearing-clusters,2,sudden,improved_OOB,1.0078109380523836
appearing-clusters,2,sudden,WEOB1,1.0080917041341928
appearing-clusters,2,sudden,CSMOTE,0.9939207898515884
appearing-clusters,2,sudden,OOB,1.0094078652803231
appearing-clusters,2,sudden,improved_UOB,1.0039647234260052
appearing-clusters,2,sudden,WEOB2,0.9996379039301722
appearing-clusters,2,sudden,UOB,1.0010644311309531
appearing-clusters,2,sudden,RebalanceStream,0.9761016441943808
appearing-clusters,2,periodic,improved_OOB,1.0038782778144522
appearing-clusters,2,periodic,WEOB1,1.0030244107372481
appearing-clusters,2,periodic,CSMOTE,1.0012397992223312
appearing-clusters,2,periodic,OOB,1.0038321544210718
appearing-clusters,2,periodic,improved_UOB,1.0009731389288024
appearing-clusters,2,periodic,WEOB2,0.9988377719363638
appearing-clusters,2,periodic,UOB,0.9990720949184234
appearing-clusters,2,periodic,RebalanceStream,0.9891423520213081
appearing-clusters,3,incremental,improved_OOB,1.0034109928517148
appearing-clusters,3,incremental,WEOB1,1.0028800882071143
appearing-clusters,3,incremental,CSMOTE,0.9953550721759559
appearing-clusters,3,incremental,OOB,1.0042925626092525
appearing-clusters,3,incremental,improved_UOB,1.0000352730711248
appearing-clusters,3,incremental,WEOB2,0.9995471312741462
appearing-clusters,3,incremental,UOB,1.0007594488869718
appearing-clusters,3,incremental,RebalanceStream,0.9937194309237191
appearing-clusters,3,sudden,improved_OOB,1.0030038681356195
appearing-clusters,3,sudden,WEOB1,1.0024141505703539
appearing-clusters,3,sudden,CSMOTE,0.9952467855743949
appearing-clusters,3,sudden,OOB,1.0038771871014034
appearing-clusters,3,sudden,improved_UOB,1.0002318967373467
appearing-clusters,3,sudden,WEOB2,0.9985206607300445
appearing-clusters,3,sudden,UOB,1.0016901268163967
appearing-clusters,3,sudden,RebalanceStream,0.9950153243344414
appearing-clusters,3,periodic,improved_OOB,1.0013027387752875
appearing-clusters,3,periodic,WEOB1,1.0005792649608485
appearing-clusters,3,periodic,CSMOTE,1.0003556387131267
appearing-clusters,3,periodic,OOB,1.0010750834976576
appearing-clusters,3,periodic,improved_UOB,0.9992345110381796
appearing-clusters,3,periodic,WEOB2,0.9987230930893822
appearing-clusters,3,periodic,UOB,1.0010750834976576
appearing-clusters,3,periodic,RebalanceStream,0.9976545864278608
appearing-clusters,4,incremental,improved_OOB,1.001243761601828
appearing-clusters,4,incremental,WEOB1,1.0006127483062128
appearing-clusters,4,incremental,CSMOTE,0.9960692962848214
appearing-clusters,4,incremental,OOB,1.0026238841044897
appearing-clusters,4,incremental,improved_UOB,0.9995058399328616
appearing-clusters,4,incremental,WEOB2,0.9987564059205811
appearing-clusters,4,incremental,UOB,1.0013284997808287
appearing-clusters,4,incremental,RebalanceStream,0.9998595640683763
appearing-clusters,4,sudden,improved_OOB,1.0013470492553436
appearing-clusters,4,sudden,WEOB1,1.000949478067163
appearing-clusters,4,sudden,CSMOTE,0.9966758438406774
appearing-clusters,4,sudden,OOB,1.0032252036738865
appearing-clusters,4,sudden,improved_UOB,0.9996952249815368
appearing-clusters,4,sudden,WEOB2,0.9990092683850449
appearing-clusters,4,sudden,UOB,1.0018779669209121
appearing-clusters,4,sudden,RebalanceStream,0.9972199648754343
appearing-clusters,4,periodic,improved_OOB,1.000115515156098
appearing-clusters,4,periodic,WEOB1,0.999814788503931
appearing-clusters,4,periodic,CSMOTE,1.0001653188327855
appearing-clusters,4,periodic,OOB,1.0008551004462345
appearing-clusters,4,periodic,improved_UOB,0.9995324150809699
appearing-clusters,4,periodic,WEOB2,0.9987699931609604
appearing-clusters,4,periodic,UOB,1.0007167597993916
appearing-clusters,4,periodic,RebalanceStream,1.0000301090196289
shapeshift,1,incremental,improved_OOB,1.03287526947369
shapeshift,1,incremental,WEOB1,1.0347086317484449
shapeshift,1,incremental,CSMOTE,0.9965492793023918
shapeshift,1,incremental,OOB,1.035794598340255
shapeshift,1,incremental,improved_UOB,1.0120695575094218
shapeshift,1,incremental,WEOB2,1.0092356987404425
shapeshift,1,incremental,UOB,1.0141117207244166
shapeshift,1,incremental,RebalanceStream,0.864655244160937
shapeshift,1,sudden,improved_OOB,1.032873255693076
shapeshift,1,sudden,WEOB1,1.0358223291458852
shapeshift,1,sudden,CSMOTE,0.9966002515084303
shapeshift,1,sudden,OOB,1.0364362690577469
shapeshift,1,sudden,improved_UOB,1.0137141713777031
shapeshift,1,sudden,WEOB2,1.0061971390230655
shapeshift,1,sudden,UOB,1.0119633574226923
shapeshift,1,sudden,RebalanceStream,0.8663932267714002
shapeshift,1,periodic,improved_OOB,1.0306157735535508
shapeshift,1,periodic,WEOB1,1.0338953973719962
shapeshift,1,periodic,CSMOTE,1.0057937635026595
shapeshift,1,periodic,OOB,1.033699496192839
shapeshift,1,periodic,improved_UOB,1.0123518518093833
shapeshift,1,periodic,WEOB2,1.0080303333356582
shapeshift,1,periodic,UOB,1.0124374095956241
shapeshift,1,periodic,RebalanceStream,0.8631759746382884
shapeshift,2,incremental,improved_OOB,1.0166242644598922
shapeshift,2,incremental,WEOB1,1.0149845261657078
shapeshift,2,incremental,CSMOTE,1.0032015960838858
shapeshift,2,incremental,OOB,1.0195798586365716
shapeshift,2,incremental,improved_UOB,1.0036533170015747
shapeshift,2,incremental,WEOB2,0.9995357596961819
shapeshift,2,incremental,UOB,0.9996921593987728
shapeshift,2,incremental,RebalanceStream,0.9427285185574131
shapeshift,2,sudden,improved_OOB,1.0170908407312265
shapeshift,2,sudden,WEOB1,1.0151210746765105
shapeshift,2,sudden,CSMOTE,1.003130696365351
shapeshift,2,sudden,OOB,1.0203430927806358
shapeshift,2,sudden,improved_UOB,1.003257951623766
shapeshift,2,sudden,WEOB2,0.9984783994423109
shapeshift,2,sudden,UOB,0.9995823204175096
shapeshift,2,sudden,RebalanceStream,0.9429956239626898
shapeshift,2,periodic,improved_OOB,1.0153135030967269
shapeshift,2,periodic,WEOB1,1.0147380889386237
shapeshift,2,periodic,CSMOTE,0.9995962626713215
shapeshift,2,periodic,OOB,1.0196498109433971
shapeshift,2,periodic,improved_UOB,1.0034136057617131
shapeshift,2,periodic,WEOB2,1.0007633495957364
shapeshift,2,periodic,UOB,1.0006311977652091
shapeshift,2,periodic,RebalanceStream,0.9458941812272714
shapeshift,3,incremental,improved_OOB,1.0089450821517443
shapeshift,3,incremental,WEOB1,1.0066505808059125
shapeshift,3,incremental,CSMOTE,0.9976238661407903
shapeshift,3,incremental,OOB,1.0096951393065183
shapeshift,3,incremental,improved_UOB,1.0006245144724977
shapeshift,3,incremental,WEOB2,0.9976087412009192
shapeshift,3,incremental,UOB,0.9965397466310351
shapeshift,3,incremental,RebalanceStream,0.9823123292905827
shapeshift,3,sudden,improved_OOB,1.008522997763344
shapeshift,3,sudden,WEOB1,1.0063190829737307
shapeshift,3,sudden,CSMOTE,0.9973241004653339
shapeshift,3,sudden,OOB,1.0094240525490914
shapeshift,3,sudden,improved_UOB,1.0000604952312546
shapeshift,3,sudden,WEOB2,0.9990874299883172
shapeshift,3,sudden,UOB,0.9953639391243444
shapeshift,3,sudden,RebalanceStream,0.9838979019045838
shapeshift,3,periodic,improved_OOB,1.0089885348376035
shapeshift,3,periodic,WEOB1,1.006816229139256
shapeshift,3,periodic,CSMOTE,0.9968795809815308
shapeshift,3,periodic,OOB,1.0082630684794989
shapeshift,3,periodic,improved_UOB,0.9995961913762142
shapeshift,3,periodic,WEOB2,0.9975681663946785
shapeshift,3,periodic,UOB,0.9945687068409618
shapeshift,3,periodic,RebalanceStream,0.9873195219502571
shapeshift,4,incremental,improved_OOB,1.0055656638482275
shapeshift,4,incremental,WEOB1,1.004232198894429
shapeshift,4,incremental,CSMOTE,0.9940395527239216
shapeshift,4,incremental,OOB,1.0018458678472932
shapeshift,4,incremental,improved_UOB,0.999476592405046
shapeshift,4,incremental,WEOB2,0.9957429548367869
shapeshift,4,incremental,UOB,1.0018458678472932
shapeshift,4,incremental,RebalanceStream,0.997251301597003
shapeshift,4,sudden,improved_OOB,1.0050384436263604
shapeshift,4,sudden,WEOB1,1.0042845176765551
shapeshift,4,sudden,CSMOTE,0.9933965307088185
shapeshift,4,sudden,OOB,1.0022832733889069
shapeshift,4,sudden,improved_UOB,1.0003407902130586
shapeshift,4,sudden,WEOB2,0.9967221869063648
shapeshift,4,sudden,UOB,1.0022832733889069
shapeshift,4,sudden,RebalanceStream,0.9956509840910283
shapeshift,4,periodic,improved_OOB,1.0060671031370436
shapeshift,4,periodic,WEOB1,1.0044390237285277
shapeshift,4,periodic,CSMOTE,0.9943692114265824
shapeshift,4,periodic,OOB,1.001079923210343
shapeshift,4,periodic,improved_UOB,0.9985240659469328
shapeshift,4,periodic,WEOB2,0.9951165039821106
shapeshift,4,periodic,UOB,1.001079923210343
shapeshift,4,periodic,RebalanceStream,0.9993242453581184
minority-share,1,incremental,improved_OOB,1.042442295120204
minority-share,1,incremental,WEOB1,1.047418320288486
minority-share,1,incremental,CSMOTE,0.9903388771771443
minority-share,1,incremental,OOB,1.0442456136572742
minority-share,1,incremental,improved_UOB,1.0225654978049645
minority-share,1,incremental,WEOB2,1.0178826965732883
minority-share,1,incremental,UOB,1.0225861270322898
minority-share,1,incremental,RebalanceStream,0.8125205723463486
minority-share,1,sudden,improved_OOB,1.0347047976087438
minority-share,1,sudden,WEOB1,1.0376077462184619
minority-share,1,sudden,CSMOTE,1.0061293652214758
minority-share,1,sudden,OOB,1.0361715845682746
minority-share,1,sudden,improved_UOB,1.010925331845577
minority-share,1,sudden,WEOB2,1.0051573525289812
minority-share,1,sudden,UOB,1.0100370353553318
minority-share,1,sudden,RebalanceStream,0.8592667866531547
minority-share,1,periodic,improved_OOB,1.0285026677803653
minority-share,1,periodic,WEOB1,1.030425335649918
minority-share,1,periodic,CSMOTE,0.9982637890931875
minority-share,1,periodic,OOB,1.0294637743314357
minority-share,1,periodic,improved_UOB,1.01142860757489
minority-share,1,periodic,WEOB2,1.0105835316821494
minority-share,1,periodic,UOB,1.0105517000626234
minority-share,1,periodic,RebalanceStream,0.8807805938254308
minority-share,2,incremental,improved_OOB,1.0267591643724008
minority-share,2,incremental,WEOB1,1.0296783145940431
minority-share,2,incremental,CSMOTE,1.002987784082793
minority-share,2,incremental,OOB,1.0296429943216954
minority-share,2,incremental,improved_UOB,1.0199053543787346
minority-share,2,incremental,WEOB2,1.01591803853532
minority-share,2,incremental,UOB,1.0162366345526104
minority-share,2,incremental,RebalanceStream,0.858871715162404
minority-share,2,sudden,improved_OOB,1.0166432382017307
minority-share,2,sudden,WEOB1,1.0154784820081455
minority-share,2,sudden,CSMOTE,1.009969437286597
minority-share,2,sudden,OOB,1.0195595675318967
minority-share,2,sudden,improved_UOB,1.0036441199874813
minority-share,2,sudden,WEOB2,0.9996125295783721
minority-share,2,sudden,UOB,0.9995069778513083
minority-share,2,sudden,RebalanceStream,0.9355856475544675
minority-share,2,periodic,improved_OOB,1.01615657124925
minority-share,2,periodic,WEOB1,1.0157449468971769
minority-share,2,periodic,CSMOTE,1.0009560666164847
minority-share,2,periodic,OOB,1.0193073374812271
minority-share,2,periodic,improved_UOB,1.005556631959595
minority-share,2,periodic,WEOB2,1.0025420308173636
minority-share,2,periodic,UOB,1.0024286694817743
minority-share,2,periodic,RebalanceStream,0.9373077454971283
minority-share,3,incremental,improved_OOB,1.0073552387585585
minority-share,3,incremental,WEOB1,1.0137724731109752
minority-share,3,incremental,CSMOTE,1.003189785223353
minority-share,3,incremental,OOB,1.0092641191687501
minority-share,3,incremental,improved_UOB,1.0098802731085392
minority-share,3,incremental,WEOB2,1.0055130537599961
minority-share,3,incremental,UOB,1.0041099458427316
minority-share,3,incremental,RebalanceStream,0.9469151110270964
minority-share,3,sudden,improved_OOB,1.0083641914913586
minority-share,3,sudden,WEOB1,1.0064877877609821
minority-share,3,sudden,CSMOTE,1.003339611712823
minority-share,3,sudden,OOB,1.0082101354379995
minority-share,3,sudden,improved_UOB,1.0010146412155536
minority-share,3,sudden,WEOB2,0.9966747724922695
minority-share,3,sudden,UOB,0.9945183206047438
minority-share,3,sudden,RebalanceStream,0.9813905392842701
minority-share,3,periodic,improved_OOB,1.0105685672742861
minority-share,3,periodic,WEOB1,1.0095064239229803
minority-share,3,periodic,CSMOTE,1.0002211262114462
minority-share,3,periodic,OOB,1.0083818663980462
minority-share,3,periodic,improved_UOB,1.0045900852799168
minority-share,3,periodic,WEOB2,1.0008748426068312
minority-share,3,periodic,UOB,0.9988029611527108
minority-share,3,periodic,RebalanceStream,0.9670541271537828
minority-share,4,incremental,improved_OOB,1.0062254077422728
minority-share,4,incremental,WEOB1,1.0106684835890614
minority-share,4,incremental,CSMOTE,1.0026762236765925
minority-share,4,incremental,OOB,1.0022948786152093
minority-share,4,incremental,improved_UOB,1.0080120772210885
minority-share,4,incremental,WEOB2,1.0029699328077952
minority-share,4,incremental,UOB,1.0022100969429195
minority-share,4,incremental,RebalanceStream,0.9649428994050603
minority-share,4,sudden,improved_OOB,1.0039671062325912
minority-share,4,sudden,WEOB1,1.0030767014524258
minority-share,4,sudden,CSMOTE,1.0026108003963046
minority-share,4,sudden,OOB,1.00186532416664
minority-share,4,sudden,improved_UOB,0.998305912227892
minority-share,4,sudden,WEOB2,0.9933233517207678
minority-share,4,sudden,UOB,1.00186532416664
minority-share,4,sudden,RebalanceStream,0.9949854796367386
minority-share,4,periodic,improved_OOB,1.0039698092645124
minority-share,4,periodic,WEOB1,1.0062521260522377
minority-share,4,periodic,CSMOTE,0.9992648218973015
minority-share,4,periodic,OOB,1.0038681578546305
minority-share,4,periodic,improved_UOB,1.0024731632859094
minority-share,4,periodic,WEOB2,0.998396159156319
minority-share,4,periodic,UOB,1.0033674288861851
minority-share,4,periodic,RebalanceStream,0.9824083336029041
splitting-clusters,1,incremental,improved_OOB,1.0138422655389683
splitting-clusters,1,incremental,WEOB1,1.020533374707932
splitting-clusters,1,incremental,CSMOTE,0.9785962437857251
splitting-clusters,1,incremental,OOB,1.0198379641304822
splitting-clusters,1,incremental,improved_UOB,1.017462793013995
splitting-clusters,1,incremental,WEOB2,1.0107939717584915
splitting-clusters,1,incremental,UOB,1.0139461043465738
splitting-clusters,1,incremental,RebalanceStream,0.9249872827178318
splitting-clusters,1,sudden,improved_OOB,1.0181622955017167
splitting-clusters,1,sudden,WEOB1,1.0190099929981133
splitting-clusters,1,sudden,CSMOTE,0.9867436116294355
splitting-clusters,1,sudden,OOB,1.0230224406281334
splitting-clusters,1,sudden,improved_UOB,1.0091280720297024
splitting-clusters,1,sudden,WEOB2,1.0043790938338801
splitting-clusters,1,sudden,UOB,0.9974399570476944
splitting-clusters,1,sudden,RebalanceStream,0.9421145363313231
splitting-clusters,1,periodic,improved_OOB,1.0084951700424571
splitting-clusters,1,periodic,WEOB1,1.0113101692928448
splitting-clusters,1,periodic,CSMOTE,0.9957370795100062
splitting-clusters,1,periodic,OOB,1.010535357033333
splitting-clusters,1,periodic,improved_UOB,1.0100389470317441
splitting-clusters,1,periodic,WEOB2,1.0099425539095483
splitting-clusters,1,periodic,UOB,1.0088788849321473
splitting-clusters,1,periodic,RebalanceStream,0.9450618382479187
splitting-clusters,2,incremental,improved_OOB,1.0075047231339234
splitting-clusters,2,incremental,WEOB1,1.0088817522491005
splitting-clusters,2,incremental,CSMOTE,0.9905358470620639
splitting-clusters,2,incremental,OOB,1.0087103636720165
splitting-clusters,2,incremental,improved_UOB,1.006348516169677
splitting-clusters,2,incremental,WEOB2,1.0032211782005527
splitting-clusters,2,incremental,UOB,1.006553285199736
splitting-clusters,2,incremental,RebalanceStream,0.9682443343129299
splitting-clusters,2,sudden,improved_OOB,1.0101554739932166
splitting-clusters,2,sudden,WEOB1,1.0094309255482967
splitting-clusters,2,sudden,CSMOTE,0.9869114021882139
splitting-clusters,2,sudden,OOB,1.0120996746645707
splitting-clusters,2,sudden,improved_UOB,1.0047939999293065
splitting-clusters,2,sudden,WEOB2,0.9965875881743035
splitting-clusters,2,sudden,UOB,1.0020185262051338
splitting-clusters,2,sudden,RebalanceStream,0.9780024092969586
splitting-clusters,2,periodic,improved_OOB,1.0048978765904069
splitting-clusters,2,periodic,WEOB1,1.0052476909428631
splitting-clusters,2,periodic,CSMOTE,0.9966735912295405
splitting-clusters,2,periodic,OOB,1.0058407709368127
splitting-clusters,2,periodic,improved_UOB,1.001775709603378
splitting-clusters,2,periodic,WEOB2,1.0024364320276389
splitting-clusters,2,periodic,UOB,1.0022087658971865
splitting-clusters,2,periodic,RebalanceStream,0.9809191627721737
splitting-clusters,3,incremental,improved_OOB,1.0061621010290935
splitting-clusters,3,incremental,WEOB1,1.0059710058169549
splitting-clusters,3,incremental,CSMOTE,0.9968100867296316
splitting-clusters,3,incremental,OOB,1.001900563089592
splitting-clusters,3,incremental,improved_UOB,1.0036880696496886
splitting-clusters,3,incremental,WEOB2,1.0018230112929898
splitting-clusters,3,incremental,UOB,0.9929770642429433
splitting-clusters,3,incremental,RebalanceStream,0.9906680981491063
splitting-clusters,3,sudden,improved_OOB,1.0046339301208846
splitting-clusters,3,sudden,WEOB1,1.0043717434513117
splitting-clusters,3,sudden,CSMOTE,0.9976491503075775
splitting-clusters,3,sudden,OOB,1.0025760192140132
splitting-clusters,3,sudden,improved_UOB,1.0014486238924771
splitting-clusters,3,sudden,WEOB2,1.0006849283412338
splitting-clusters,3,sudden,UOB,0.9960126855014163
splitting-clusters,3,sudden,RebalanceStream,0.9926229191710855
splitting-clusters,3,periodic,improved_OOB,1.0039510917236933
splitting-clusters,3,periodic,WEOB1,1.0036979115527518
splitting-clusters,3,periodic,CSMOTE,0.9979320028611771
splitting-clusters,3,periodic,OOB,1.0001007696142812
splitting-clusters,3,periodic,improved_UOB,1.001291118645853
splitting-clusters,3,periodic,WEOB2,1.0015610284635503
splitting-clusters,3,periodic,UOB,0.9978137668031236
splitting-clusters,3,periodic,RebalanceStream,0.9936523103355702
splitting-clusters,4,incremental,improved_OOB,1.003484116781555
splitting-clusters,4,incremental,WEOB1,1.003422708055995
splitting-clusters,4,incremental,CSMOTE,0.995608074265586
splitting-clusters,4,incremental,OOB,1.0019420753893422
splitting-clusters,4,incremental,improved_UOB,1.002578324569554
splitting-clusters,4,incremental,WEOB2,1.001683944874518
splitting-clusters,4,incremental,UOB,0.9924945340607105
splitting-clusters,4,incremental,RebalanceStream,0.998786222002739
splitting-clusters,4,sudden,improved_OOB,1.002258467670725
splitting-clusters,4,sudden,WEOB1,1.0023068589993491
splitting-clusters,4,sudden,CSMOTE,0.9969745519899926
splitting-clusters,4,sudden,OOB,1.001372780565047
splitting-clusters,4,sudden,improved_UOB,1.0009471723598808
splitting-clusters,4,sudden,WEOB2,0.9986926777454791
splitting-clusters,4,sudden,UOB,0.9992682694006108
splitting-clusters,4,sudden,RebalanceStream,0.9981792212689152
splitting-clusters,4,periodic,improved_OOB,1.0006357993558372
splitting-clusters,4,periodic,WEOB1,1.0018918123741238
splitting-clusters,4,periodic,CSMOTE,0.9990875563336534
splitting-clusters,4,periodic,OOB,1.0002538418699682
splitting-clusters,4,periodic,improved_UOB,1.000832253728095
splitting-clusters,4,periodic,WEOB2,1.000246188523366
splitting-clusters,4,periodic,UOB,0.998739945029155
splitting-clusters,4,periodic,RebalanceStream,0.9983126027858015
clusters-movement,1,incremental,improved_OOB,1.0482369020406064
clusters-movement,1,incremental,WEOB1,1.0490500414630703
clusters-movement,1,incremental,CSMOTE,0.9535510750089706
clusters-movement,1,incremental,OOB,1.052853459652917
clusters-movement,1,incremental,improved_UOB,1.0117950896672492
clusters-movement,1,incremental,WEOB2,0.9912737215652545
clusters-movement,1,incremental,UOB,1.0114078020716366
clusters-movement,1,incremental,RebalanceStream,0.8818319085302954
clusters-movement,1,sudden,improved_OOB,1.0544455767575664
clusters-movement,1,sudden,WEOB1,1.0547511381920696
clusters-movement,1,sudden,CSMOTE,0.9546214406718427
clusters-movement,1,sudden,OOB,1.067294810526135
clusters-movement,1,sudden,improved_UOB,1.0059438750436183
clusters-movement,1,sudden,WEOB2,0.994777721641199
clusters-movement,1,sudden,UOB,0.9851296693711733
clusters-movement,1,sudden,RebalanceStream,0.8830357677963958
clusters-movement,1,periodic,improved_OOB,1.0357660796742365
clusters-movement,1,periodic,WEOB1,1.0420918283852292
clusters-movement,1,periodic,CSMOTE,1.0081204250426734
clusters-movement,1,periodic,OOB,1.0466864525850903
clusters-movement,1,periodic,improved_UOB,1.0139251122971562
clusters-movement,1,periodic,WEOB2,1.0143732489491124
clusters-movement,1,periodic,UOB,1.0089898360305154
clusters-movement,1,periodic,RebalanceStream,0.8300470170359859
clusters-movement,2,incremental,improved_OOB,1.0285680670609556
clusters-movement,2,incremental,WEOB1,1.029565776061986
clusters-movement,2,incremental,CSMOTE,0.9613798311623806
clusters-movement,2,incremental,OOB,1.033053204470795
clusters-movement,2,incremental,improved_UOB,1.0156853983614615
clusters-movement,2,incremental,WEOB2,0.9828006584117178
clusters-movement,2,incremental,UOB,1.0056839153104962
clusters-movement,2,incremental,RebalanceStream,0.9432631491602079
clusters-movement,2,sudden,improved_OOB,1.0404791946188632
clusters-movement,2,sudden,WEOB1,1.0387240320174345
clusters-movement,2,sudden,CSMOTE,0.9517756041049059
clusters-movement,2,sudden,OOB,1.0445796721617622
clusters-movement,2,sudden,improved_UOB,1.0152689809556887
clusters-movement,2,sudden,WEOB2,0.9670297843956454
clusters-movement,2,sudden,UOB,0.9930608330974289
clusters-movement,2,sudden,RebalanceStream,0.9490818986482725
clusters-movement,2,periodic,improved_OOB,1.0230590595684028
clusters-movement,2,periodic,WEOB1,1.0206068477137866
clusters-movement,2,periodic,CSMOTE,1.0087431390198909
clusters-movement,2,periodic,OOB,1.0287782334083113
clusters-movement,2,periodic,improved_UOB,0.9995024963402039
clusters-movement,2,periodic,WEOB2,1.0039509298157132
clusters-movement,2,periodic,UOB,0.9957697079673422
clusters-movement,2,periodic,RebalanceStream,0.9195895861663487
clusters-movement,3,incremental,improved_OOB,1.0226934726488817
clusters-movement,3,incremental,WEOB1,1.019476043830984
clusters-movement,3,incremental,CSMOTE,0.9614160305806364
clusters-movement,3,incremental,OOB,1.0242764699212266
clusters-movement,3,incremental,improved_UOB,1.0067613513241793
clusters-movement,3,incremental,WEOB2,0.9876707235954874
clusters-movement,3,incremental,UOB,0.9962804963095409
clusters-movement,3,incremental,RebalanceStream,0.9814254117890625
clusters-movement,3,sudden,improved_OOB,1.0339010081435078
clusters-movement,3,sudden,WEOB1,1.0323434593661966
clusters-movement,3,sudden,CSMOTE,0.9699835589644735
clusters-movement,3,sudden,OOB,1.0373438403542432
clusters-movement,3,sudden,improved_UOB,1.0234002032744622
clusters-movement,3,sudden,WEOB2,0.9669572135778848
clusters-movement,3,sudden,UOB,0.9854791718157824
clusters-movement,3,sudden,RebalanceStream,0.9505915445034492
clusters-movement,3,periodic,improved_OOB,1.0126638300378246
clusters-movement,3,periodic,WEOB1,1.0090985323108705
clusters-movement,3,periodic,CSMOTE,1.0033832597999979
clusters-movement,3,periodic,OOB,1.0158394640974011
clusters-movement,3,periodic,improved_UOB,0.9986346984107186
clusters-movement,3,periodic,WEOB2,0.9967099514955553
clusters-movement,3,periodic,UOB,0.9919558838260746
clusters-movement,3,periodic,RebalanceStream,0.9717143800215567
clusters-movement,4,incremental,improved_OOB,1.015382857363421
clusters-movement,4,incremental,WEOB1,1.0141663561945382
clusters-movement,4,incremental,CSMOTE,0.9701534000935911
clusters-movement,4,incremental,OOB,1.0132179628387554
clusters-movement,4,incremental,improved_UOB,1.0055033945592255
clusters-movement,4,incremental,WEOB2,0.9819887231047073
clusters-movement,4,incremental,UOB,1.0030380218191295
clusters-movement,4,incremental,RebalanceStream,0.9965492840266322
clusters-movement,4,sudden,improved_OOB,1.0243891233057352
clusters-movement,4,sudden,WEOB1,1.0226191458083367
clusters-movement,4,sudden,CSMOTE,0.9667031899037934
clusters-movement,4,sudden,OOB,1.0227791072148091
clusters-movement,4,sudden,improved_UOB,1.0156063494165215
clusters-movement,4,sudden,WEOB2,0.9499873656824674
clusters-movement,4,sudden,UOB,0.9990397719754852
clusters-movement,4,sudden,RebalanceStream,0.998875946692851
clusters-movement,4,periodic,improved_OOB,1.0083256000421985
clusters-movement,4,periodic,WEOB1,1.0063621818731552
clusters-movement,4,periodic,CSMOTE,1.0013690602438445
clusters-movement,4,periodic,OOB,1.0057518174146747
clusters-movement,4,periodic,improved_UOB,0.9970465552644393
clusters-movement,4,periodic,WEOB2,0.9930628279332969
clusters-movement,4,periodic,UOB,0.9970763379543804
clusters-movement,4,periodic,RebalanceStream,0.9910056192740117
borderline,1,incremental,improved_OOB,1.0381070830900285
borderline,1,incremental,WEOB1,1.0364903412006554
borderline,1,incremental,CSMOTE,0.9983665524469759
borderline,1,incremental,OOB,1.0395019714103129
borderline,1,incremental,improved_UOB,1.008786701270818
borderline,1,incremental,WEOB2,1.0027350048228068
borderline,1,incremental,UOB,1.0081955644317129
borderline,1,incremental,RebalanceStream,0.8678167813266888
borderline,1,sudden,improved_OOB,1.0384593534300017
borderline,1,sudden,WEOB1,1.0361257287583876
borderline,1,sudden,CSMOTE,1.0007971243226408
borderline,1,sudden,OOB,1.038338852879138
borderline,1,sudden,improved_UOB,1.009174234704557
borderline,1,sudden,WEOB2,1.0017139850790355
borderline,1,sudden,UOB,1.0067406614434704
borderline,1,sudden,RebalanceStream,0.8686500593827692
borderline,1,periodic,improved_OOB,1.0408490704481084
borderline,1,periodic,WEOB1,1.0355997545142437
borderline,1,periodic,CSMOTE,0.9982278640085994
borderline,1,periodic,OOB,1.040924145815308
borderline,1,periodic,improved_UOB,1.0065207229955853
borderline,1,periodic,WEOB2,0.9991384708354935
borderline,1,periodic,UOB,1.0052173344548008
borderline,1,periodic,RebalanceStream,0.8735226369278599
borderline,2,incremental,improved_OOB,1.0160706060449614
borderline,2,incremental,WEOB1,1.0140866803792261
borderline,2,incremental,CSMOTE,1.0045893089779128
borderline,2,incremental,OOB,1.017287137086995
borderline,2,incremental,improved_UOB,1.0028286018177264
borderline,2,incremental,WEOB2,0.9969156032465422
borderline,2,incremental,UOB,0.9972868097222639
borderline,2,incremental,RebalanceStream,0.9509352527243734
borderline,2,sudden,improved_OOB,1.0175371724365836
borderline,2,sudden,WEOB1,1.0148929918224112
borderline,2,sudden,CSMOTE,1.0024829758622829
borderline,2,sudden,OOB,1.0186953951950255
borderline,2,sudden,improved_UOB,1.001881837525455
borderline,2,sudden,WEOB2,0.997840032878167
borderline,2,sudden,UOB,0.9982921587066642
borderline,2,sudden,RebalanceStream,0.9483774355734108
borderline,2,periodic,improved_OOB,1.0159649544366542
borderline,2,periodic,WEOB1,1.0120530347595045
borderline,2,periodic,CSMOTE,1.0010953197777077
borderline,2,periodic,OOB,1.0163548887190128
borderline,2,periodic,improved_UOB,0.998589934873027
borderline,2,periodic,WEOB2,0.9940387938524002
borderline,2,periodic,UOB,0.9951173458511617
borderline,2,periodic,RebalanceStream,0.9667857277305325
borderline,3,incremental,improved_OOB,1.0088320984591648
borderline,3,incremental,WEOB1,1.0063151143527058
borderline,3,incremental,CSMOTE,0.9938928135207878
borderline,3,incremental,OOB,1.0065935162239619
borderline,3,incremental,improved_UOB,1.0009651273928821
borderline,3,incremental,WEOB2,0.9970885001534334
borderline,3,incremental,UOB,0.9945878224820063
borderline,3,incremental,RebalanceStream,0.9917250074150576
borderline,3,sudden,improved_OOB,1.0084568433161252
borderline,3,sudden,WEOB1,1.005779454440647
borderline,3,sudden,CSMOTE,0.9963193799791618
borderline,3,sudden,OOB,1.0072268036594556
borderline,3,sudden,improved_UOB,1.0000838391024764
borderline,3,sudden,WEOB2,0.9973122276192706
borderline,3,sudden,UOB,0.9933584891084157
borderline,3,sudden,RebalanceStream,0.9914629627744485
borderline,3,periodic,improved_OOB,1.008536972691734
borderline,3,periodic,WEOB1,1.005730574442865
borderline,3,periodic,CSMOTE,0.9963001546669561
borderline,3,periodic,OOB,1.0059703629838403
borderline,3,periodic,improved_UOB,1.00006094471225
borderline,3,periodic,WEOB2,0.9941834118660906
borderline,3,periodic,UOB,0.9937561925803755
borderline,3,periodic,RebalanceStream,0.9954613860558876
borderline,4,incremental,improved_OOB,1.0040779453668782
borderline,4,incremental,WEOB1,1.0027760909667227
borderline,4,incremental,CSMOTE,0.9976348805568468
borderline,4,incremental,OOB,1.0034949380998317
borderline,4,incremental,improved_UOB,0.9976327840944628
borderline,4,incremental,WEOB2,0.9939894481531495
borderline,4,incremental,UOB,1.0034949380998317
borderline,4,incremental,RebalanceStream,0.9968989746622767
borderline,4,sudden,improved_OOB,1.00366626558211
borderline,4,sudden,WEOB1,1.0023634110884017
borderline,4,sudden,CSMOTE,0.9996923573921891
borderline,4,sudden,OOB,1.0027108754673961
borderline,4,sudden,improved_UOB,0.9974552904482709
borderline,4,sudden,WEOB2,0.9931726998217489
borderline,4,sudden,UOB,1.0027108754673961
borderline,4,sudden,RebalanceStream,0.998228224732487
borderline,4,periodic,improved_OOB,1.0045423747916529
borderline,4,periodic,WEOB1,1.0033724424749724
borderline,4,periodic,CSMOTE,0.9945156394178266
borderline,4,periodic,OOB,1.0036529007054398
borderline,4,periodic,improved_UOB,0.9979762507013042
borderline,4,periodic,WEOB2,0.9930217570348895
borderline,4,periodic,UOB,1.0036529007054398
borderline,4,periodic,RebalanceStream,0.9992657341684746
