drift,unbalance,type,alg,mean,std
sea_P(y),1,sudden,improved_OOB,70.35194043770869,0.0
sea_P(y),1,sudden,WEOB1,70.3467839263607,1.4210854715202004e-14
sea_P(y),1,sudden,OOB,70.32735479606795,1.4210854715202004e-14
sea_P(y),1,sudden,ESOS_ELM,65.32599718707182,0.0722829021372831
sea_P(y),1,sudden,improved_UOB,70.28360889906938,0.0
sea_P(y),1,sudden,WEOB2,70.21106346302977,1.4210854715202004e-14
sea_P(y),1,sudden,UOB,70.32735479606795,1.4210854715202004e-14
sea_P(y),1,sudden,CSMOTE,70.22543513635313,0.0
sea_P(y),1,sudden,RebalanceStream,68.75269709510368,0.0
sea_P(y),1,incremental,improved_OOB,70.37893250807234,0.0
sea_P(y),1,incremental,WEOB1,70.35681895951737,1.4210854715202004e-14
sea_P(y),1,incremental,OOB,70.33583328899387,0.0
sea_P(y),1,incremental,ESOS_ELM,65.53153617761798,0.028925459138798768
sea_P(y),1,incremental,improved_UOB,70.30404622699567,1.4210854715202004e-14
sea_P(y),1,incremental,WEOB2,70.24594742649154,1.4210854715202004e-14
sea_P(y),1,incremental,UOB,70.33583328899387,0.0
sea_P(y),1,incremental,CSMOTE,70.2150639171223,0.0
sea_P(y),1,incremental,RebalanceStream,70.22553149698658,0.0
sea_P(y),3,incremental,improved_OOB,64.66726516871196,0.0
sea_P(y),3,incremental,WEOB1,64.68776455295958,0.0
sea_P(y),3,incremental,OOB,64.62508213593722,0.0
sea_P(y),3,incremental,ESOS_ELM,61.141349756833336,0.033245412891774496
sea_P(y),3,incremental,improved_UOB,64.58282225155952,0.0
sea_P(y),3,incremental,WEOB2,64.40379927342454,1.4210854715202004e-14
sea_P(y),3,incremental,UOB,64.59499764956168,1.4210854715202004e-14
sea_P(y),3,incremental,CSMOTE,63.49084195782807,1.4210854715202004e-14
sea_P(y),3,incremental,RebalanceStream,64.2862219055536,0.0
sea_P(y),3,sudden,improved_OOB,64.6368984646941,1.4210854715202004e-14
sea_P(y),3,sudden,WEOB1,64.66508664177272,0.0
sea_P(y),3,sudden,OOB,64.61829871533901,1.4210854715202004e-14
sea_P(y),3,sudden,ESOS_ELM,61.03015938952633,0.038765892450684736
sea_P(y),3,sudden,improved_UOB,64.59578900783663,0.0
sea_P(y),3,sudden,WEOB2,64.352506765577,0.0
sea_P(y),3,sudden,UOB,64.58449071397526,0.0
sea_P(y),3,sudden,CSMOTE,64.29709589700165,0.0
sea_P(y),3,sudden,RebalanceStream,64.27453271025215,0.0
sea_P(y),2,sudden,improved_OOB,64.63206987274586,0.0
sea_P(y),2,sudden,WEOB1,64.66098248466639,0.0
sea_P(y),2,sudden,OOB,64.63253655479865,0.0
sea_P(y),2,sudden,ESOS_ELM,60.97845897001802,0.033866012076364777
sea_P(y),2,sudden,improved_UOB,64.57966721824491,0.0
sea_P(y),2,sudden,WEOB2,64.36556981717865,0.0
sea_P(y),2,sudden,UOB,64.58845694398596,0.0
sea_P(y),2,sudden,CSMOTE,64.0546331285078,0.0
sea_P(y),2,sudden,RebalanceStream,63.101123460073076,0.0
sea_P(y),2,incremental,improved_OOB,64.65866731487436,0.0
sea_P(y),2,incremental,WEOB1,64.68082277827105,0.0
sea_P(y),2,incremental,OOB,64.62944415175681,0.0
sea_P(y),2,incremental,ESOS_ELM,61.12691659804703,0.03951093917163263
sea_P(y),2,incremental,improved_UOB,64.57212479222073,0.0
sea_P(y),2,incremental,WEOB2,64.36496512857023,0.0
sea_P(y),2,incremental,UOB,64.5698342623623,0.0
sea_P(y),2,incremental,CSMOTE,62.49109125835164,0.0
sea_P(y),2,incremental,RebalanceStream,64.30799002610239,0.0
sea_P(y),4,incremental,improved_OOB,64.65351408472245,1.4210854715202004e-14
sea_P(y),4,incremental,WEOB1,64.68236628796919,1.4210854715202004e-14
sea_P(y),4,incremental,OOB,64.60089044393153,1.4210854715202004e-14
sea_P(y),4,incremental,ESOS_ELM,61.13721489626764,0.02733064225466511
sea_P(y),4,incremental,improved_UOB,64.60630170720034,0.0
sea_P(y),4,incremental,WEOB2,64.40907044473684,1.4210854715202004e-14
sea_P(y),4,incremental,UOB,64.56720159702652,0.0
sea_P(y),4,incremental,CSMOTE,64.1254178323287,0.0
sea_P(y),4,incremental,RebalanceStream,64.28043722909976,0.0
sea_P(y),4,sudden,improved_OOB,64.63466517954751,0.0
sea_P(y),4,sudden,WEOB1,64.66388563446131,0.0
sea_P(y),4,sudden,OOB,64.58533110460186,1.4210854715202004e-14
sea_P(y),4,sudden,ESOS_ELM,61.00305220595396,0.047819696198819664
sea_P(y),4,sudden,improved_UOB,64.5830067841266,0.0
sea_P(y),4,sudden,WEOB2,64.37238846420993,0.0
sea_P(y),4,sudden,UOB,64.57589343841664,0.0
sea_P(y),4,sudden,CSMOTE,64.1251676874541,0.0
sea_P(y),4,sudden,RebalanceStream,64.26171181870824,0.0
sea_P(y_x),1,sudden,improved_OOB,63.54889262155267,0.0
sea_P(y_x),1,sudden,WEOB1,63.37459605872808,7.105427357601002e-15
sea_P(y_x),1,sudden,OOB,63.867360482744026,7.105427357601002e-15
sea_P(y_x),1,sudden,ESOS_ELM,60.087345383046,0.09672955984063832
sea_P(y_x),1,sudden,improved_UOB,61.98413367823448,0.0
sea_P(y_x),1,sudden,WEOB2,61.43358522896673,0.0
sea_P(y_x),1,sudden,UOB,62.014441313778164,1.4210854715202004e-14
sea_P(y_x),1,sudden,CSMOTE,61.0480321300498,0.0
sea_P(y_x),1,sudden,RebalanceStream,55.95967503866681,0.0
sea_P(y_x),1,incremental,improved_OOB,63.390590062854,0.0
sea_P(y_x),1,incremental,WEOB1,63.33871261093236,0.0
sea_P(y_x),1,incremental,OOB,63.65189038348458,0.0
sea_P(y_x),1,incremental,ESOS_ELM,60.09462192222558,0.055707292697551085
sea_P(y_x),1,incremental,improved_UOB,62.149007062642475,0.0
sea_P(y_x),1,incremental,WEOB2,61.71113312324068,0.0
sea_P(y_x),1,incremental,UOB,62.308710119952345,0.0
sea_P(y_x),1,incremental,CSMOTE,60.92249385958485,0.0
sea_P(y_x),1,incremental,RebalanceStream,56.159043481072956,0.0
sea_P(y_x),3,incremental,improved_OOB,64.03796350701904,1.4210854715202004e-14
sea_P(y_x),3,incremental,WEOB1,63.9545374247282,0.0
sea_P(y_x),3,incremental,OOB,64.17477256120152,0.0
sea_P(y_x),3,incremental,ESOS_ELM,60.32608516237677,0.027854866779565092
sea_P(y_x),3,incremental,improved_UOB,63.52655165470942,1.4210854715202004e-14
sea_P(y_x),3,incremental,WEOB2,62.30077330893486,7.105427357601002e-15
sea_P(y_x),3,incremental,UOB,63.28667129814139,0.0
sea_P(y_x),3,incremental,CSMOTE,63.44295615171192,7.105427357601002e-15
sea_P(y_x),3,incremental,RebalanceStream,62.47627871677944,0.0
sea_P(y_x),3,sudden,improved_OOB,64.00416372956147,0.0
sea_P(y_x),3,sudden,WEOB1,63.883551415548574,0.0
sea_P(y_x),3,sudden,OOB,64.21475160664808,0.0
sea_P(y_x),3,sudden,ESOS_ELM,60.19562462799426,0.09118377451569354
sea_P(y_x),3,sudden,improved_UOB,63.38994338332768,0.0
sea_P(y_x),3,sudden,WEOB2,61.957002688330746,1.4210854715202004e-14
sea_P(y_x),3,sudden,UOB,63.146542419006764,0.0
sea_P(y_x),3,sudden,CSMOTE,63.53477261763591,0.0
sea_P(y_x),3,sudden,RebalanceStream,62.47396701187141,0.0
sea_P(y_x),2,sudden,improved_OOB,64.00450705155751,0.0
sea_P(y_x),2,sudden,WEOB1,63.877742299695434,0.0
sea_P(y_x),2,sudden,OOB,64.14914692160153,0.0
sea_P(y_x),2,sudden,ESOS_ELM,60.066733519181675,0.1047924480262247
sea_P(y_x),2,sudden,improved_UOB,63.13420838441581,7.105427357601002e-15
sea_P(y_x),2,sudden,WEOB2,61.81625156771819,0.0
sea_P(y_x),2,sudden,UOB,62.88944886569484,0.0
sea_P(y_x),2,sudden,CSMOTE,62.79959442303971,0.0
sea_P(y_x),2,sudden,RebalanceStream,58.43655576279688,7.105427357601002e-15
sea_P(y_x),2,incremental,improved_OOB,64.03737124640068,1.4210854715202004e-14
sea_P(y_x),2,incremental,WEOB1,63.914591785923236,0.0
sea_P(y_x),2,incremental,OOB,64.3060751062001,1.4210854715202004e-14
sea_P(y_x),2,incremental,ESOS_ELM,60.29045976089765,0.04155190260349105
sea_P(y_x),2,incremental,improved_UOB,63.20921075154521,0.0
sea_P(y_x),2,incremental,WEOB2,62.31004521301975,0.0
sea_P(y_x),2,incremental,UOB,62.92722233121181,1.4210854715202004e-14
sea_P(y_x),2,incremental,CSMOTE,62.40054618743922,0.0
sea_P(y_x),2,incremental,RebalanceStream,58.78554154673176,0.0
sea_P(y_x),4,incremental,improved_OOB,64.01392742057723,0.0
sea_P(y_x),4,incremental,WEOB1,63.988546774525844,0.0
sea_P(y_x),4,incremental,OOB,64.18460768291088,1.4210854715202004e-14
sea_P(y_x),4,incremental,ESOS_ELM,60.34515626608832,0.050210289362370764
sea_P(y_x),4,incremental,improved_UOB,63.82714337195652,0.0
sea_P(y_x),4,incremental,WEOB2,62.001761451191626,1.4210854715202004e-14
sea_P(y_x),4,incremental,UOB,63.6514760206343,0.0
sea_P(y_x),4,incremental,CSMOTE,63.61304295977421,7.105427357601002e-15
sea_P(y_x),4,incremental,RebalanceStream,63.42356618296925,0.0
sea_P(y_x),4,sudden,improved_OOB,63.989133666975114,0.0
sea_P(y_x),4,sudden,WEOB1,63.94152232214269,1.4210854715202004e-14
sea_P(y_x),4,sudden,OOB,64.28308252666588,0.0
sea_P(y_x),4,sudden,ESOS_ELM,60.306060585840896,0.13729298599994574
sea_P(y_x),4,sudden,improved_UOB,63.74049345398871,0.0
sea_P(y_x),4,sudden,WEOB2,61.484281175874266,0.0
sea_P(y_x),4,sudden,UOB,63.784296119017334,0.0
sea_P(y_x),4,sudden,CSMOTE,63.81197066930391,0.0
sea_P(y_x),4,sudden,RebalanceStream,63.546736978380544,0.0
sea_P(x_y),1,sudden,improved_OOB,64.45155987458746,0.0
sea_P(x_y),1,sudden,WEOB1,64.68626334012706,0.0
sea_P(x_y),1,sudden,OOB,64.56978108288153,1.4210854715202004e-14
sea_P(x_y),1,sudden,ESOS_ELM,61.17870686868997,0.04071846024607436
sea_P(x_y),1,sudden,improved_UOB,63.537858214903814,7.105427357601002e-15
sea_P(x_y),1,sudden,WEOB2,62.71346502021631,0.0
sea_P(x_y),1,sudden,UOB,63.33519686335281,0.0
sea_P(x_y),1,sudden,CSMOTE,62.54255515856006,0.0
sea_P(x_y),1,sudden,RebalanceStream,57.508796859533426,0.0
sea_P(x_y),1,incremental,improved_OOB,64.41401701932139,0.0
sea_P(x_y),1,incremental,WEOB1,64.68236842135505,0.0
sea_P(x_y),1,incremental,OOB,64.68070462727323,0.0
sea_P(x_y),1,incremental,ESOS_ELM,61.45679708218891,0.044494596731907365
sea_P(x_y),1,incremental,improved_UOB,63.74403062156599,7.105427357601002e-15
sea_P(x_y),1,incremental,WEOB2,63.6130501428493,1.4210854715202004e-14
sea_P(x_y),1,incremental,UOB,63.72434516509005,7.105427357601002e-15
sea_P(x_y),1,incremental,CSMOTE,62.28720019815322,7.105427357601002e-15
sea_P(x_y),1,incremental,RebalanceStream,57.790783202371394,0.0
sea_P(x_y),3,incremental,improved_OOB,64.71079857294083,0.0
sea_P(x_y),3,incremental,WEOB1,64.65806689172474,0.0
sea_P(x_y),3,incremental,OOB,64.80928150092318,1.4210854715202004e-14
sea_P(x_y),3,incremental,ESOS_ELM,61.49896285151325,0.03874416758204344
sea_P(x_y),3,incremental,improved_UOB,64.30281372587513,0.0
sea_P(x_y),3,incremental,WEOB2,63.71503297744657,1.4210854715202004e-14
sea_P(x_y),3,incremental,UOB,64.01204890021805,0.0
sea_P(x_y),3,incremental,CSMOTE,64.50274140467221,1.4210854715202004e-14
sea_P(x_y),3,incremental,RebalanceStream,63.85550375169752,7.105427357601002e-15
sea_P(x_y),3,sudden,improved_OOB,64.6638295350649,0.0
sea_P(x_y),3,sudden,WEOB1,64.56850053163973,0.0
sea_P(x_y),3,sudden,OOB,64.8868622852044,0.0
sea_P(x_y),3,sudden,ESOS_ELM,60.76874872277531,0.04243463294362486
sea_P(x_y),3,sudden,improved_UOB,64.23081546300716,0.0
sea_P(x_y),3,sudden,WEOB2,64.06906775730633,0.0
sea_P(x_y),3,sudden,UOB,64.07453232982297,0.0
sea_P(x_y),3,sudden,CSMOTE,64.49828746885689,1.4210854715202004e-14
sea_P(x_y),3,sudden,RebalanceStream,62.899939323163856,0.0
sea_P(x_y),2,sudden,improved_OOB,64.606502871951,0.0
sea_P(x_y),2,sudden,WEOB1,64.61681737091695,0.0
sea_P(x_y),2,sudden,OOB,64.8856315059793,0.0
sea_P(x_y),2,sudden,ESOS_ELM,60.68363373907598,0.058987309342502944
sea_P(x_y),2,sudden,improved_UOB,64.27879645359462,0.0
sea_P(x_y),2,sudden,WEOB2,63.64490766416949,7.105427357601002e-15
sea_P(x_y),2,sudden,UOB,64.1256793023388,0.0
sea_P(x_y),2,sudden,CSMOTE,62.704027200919754,0.0
sea_P(x_y),2,sudden,RebalanceStream,62.35238653429199,0.0
sea_P(x_y),2,incremental,improved_OOB,64.72670304805885,1.4210854715202004e-14
sea_P(x_y),2,incremental,WEOB1,64.738541451972,1.4210854715202004e-14
sea_P(x_y),2,incremental,OOB,64.8543771487874,0.0
sea_P(x_y),2,incremental,ESOS_ELM,61.47018221357642,0.03707795902317385
sea_P(x_y),2,incremental,improved_UOB,64.22207887171643,0.0
sea_P(x_y),2,incremental,WEOB2,63.606985100612896,7.105427357601002e-15
sea_P(x_y),2,incremental,UOB,64.05433996049575,1.4210854715202004e-14
sea_P(x_y),2,incremental,CSMOTE,63.365476406111426,1.4210854715202004e-14
sea_P(x_y),2,incremental,RebalanceStream,63.248278358091305,0.0
sea_P(x_y),4,incremental,improved_OOB,64.50834949836045,1.4210854715202004e-14
sea_P(x_y),4,incremental,WEOB1,64.45210375327176,1.4210854715202004e-14
sea_P(x_y),4,incremental,OOB,64.61270090855828,0.0
sea_P(x_y),4,incremental,ESOS_ELM,61.35815104385284,0.0327438350290208
sea_P(x_y),4,incremental,improved_UOB,64.28569471423812,1.4210854715202004e-14
sea_P(x_y),4,incremental,WEOB2,63.31820549499165,0.0
sea_P(x_y),4,incremental,UOB,63.741756811259926,7.105427357601002e-15
sea_P(x_y),4,incremental,CSMOTE,64.4630724709406,1.4210854715202004e-14
sea_P(x_y),4,incremental,RebalanceStream,64.26318972283403,0.0
sea_P(x_y),4,sudden,improved_OOB,64.53613840787742,1.4210854715202004e-14
sea_P(x_y),4,sudden,WEOB1,64.48800681213663,0.0
sea_P(x_y),4,sudden,OOB,64.87327849749587,1.4210854715202004e-14
sea_P(x_y),4,sudden,ESOS_ELM,60.64606312660002,0.04434656083502963
sea_P(x_y),4,sudden,improved_UOB,64.275923607541,0.0
sea_P(x_y),4,sudden,WEOB2,64.02276092279774,0.0
sea_P(x_y),4,sudden,UOB,63.96318752088323,0.0
sea_P(x_y),4,sudden,CSMOTE,64.48747065871729,0.0
sea_P(x_y),4,sudden,RebalanceStream,64.08815821555008,1.4210854715202004e-14
sine_P(y),4,incremental,improved_OOB,70.40739719825709,0.0
sine_P(y),4,incremental,WEOB1,70.40139315245825,0.0
sine_P(y),4,incremental,OOB,70.35740360068534,1.4210854715202004e-14
sine_P(y),4,incremental,ESOS_ELM,65.66472448896522,0.014325638734868567
sine_P(y),4,incremental,improved_UOB,70.3401675434582,0.0
sine_P(y),4,incremental,WEOB2,70.32583325260615,0.0
sine_P(y),4,incremental,UOB,70.35740360068534,1.4210854715202004e-14
sine_P(y),4,incremental,CSMOTE,70.23195682581878,0.0
sine_P(y),4,incremental,RebalanceStream,70.21797504600305,0.0
sine_P(y),4,sudden,improved_OOB,70.38608293976185,0.0
sine_P(y),4,sudden,WEOB1,70.38552894288361,0.0
sine_P(y),4,sudden,OOB,70.34231360008266,0.0
sine_P(y),4,sudden,ESOS_ELM,65.46640787428781,0.013181357472633156
sine_P(y),4,sudden,improved_UOB,70.32622991752399,1.4210854715202004e-14
sine_P(y),4,sudden,WEOB2,70.30346378625703,0.0
sine_P(y),4,sudden,UOB,70.34231360008266,0.0
sine_P(y),4,sudden,CSMOTE,70.22444345535584,0.0
sine_P(y),4,sudden,RebalanceStream,70.21240411262262,0.0
sine_P(y),3,sudden,improved_OOB,70.38338266813015,0.0
sine_P(y),3,sudden,WEOB1,70.36151901756821,1.4210854715202004e-14
sine_P(y),3,sudden,OOB,70.26861419065791,0.0
sine_P(y),3,sudden,ESOS_ELM,65.42750282007185,0.024833199146148743
sine_P(y),3,sudden,improved_UOB,70.22524195395758,0.0
sine_P(y),3,sudden,WEOB2,70.17325246240259,0.0
sine_P(y),3,sudden,UOB,70.26861419065791,0.0
sine_P(y),3,sudden,CSMOTE,70.0928403052749,0.0
sine_P(y),3,sudden,RebalanceStream,69.6024341017642,1.4210854715202004e-14
sine_P(y),3,incremental,improved_OOB,70.38872265964355,1.4210854715202004e-14
sine_P(y),3,incremental,WEOB1,70.37432714762694,1.4210854715202004e-14
sine_P(y),3,incremental,OOB,70.28889425035447,0.0
sine_P(y),3,incremental,ESOS_ELM,65.5965815522156,0.013789752739453641
sine_P(y),3,incremental,improved_UOB,70.2409756946971,0.0
sine_P(y),3,incremental,WEOB2,70.18765409468187,0.0
sine_P(y),3,incremental,UOB,70.28889425035447,0.0
sine_P(y),3,incremental,CSMOTE,70.26799428987394,0.0
sine_P(y),3,incremental,RebalanceStream,70.12040141881099,1.4210854715202004e-14
sine_P(y),1,sudden,improved_OOB,70.14380498495623,1.4210854715202004e-14
sine_P(y),1,sudden,WEOB1,70.17449584809401,0.0
sine_P(y),1,sudden,OOB,70.10988785593635,0.0
sine_P(y),1,sudden,ESOS_ELM,65.10610815713855,0.1203545173029104
sine_P(y),1,sudden,improved_UOB,69.79024367902143,1.4210854715202004e-14
sine_P(y),1,sudden,WEOB2,69.83506268354269,0.0
sine_P(y),1,sudden,UOB,69.69341403818115,0.0
sine_P(y),1,sudden,CSMOTE,68.74831623941091,0.0
sine_P(y),1,sudden,RebalanceStream,67.74605147035535,0.0
sine_P(y),1,incremental,improved_OOB,70.18442086728555,0.0
sine_P(y),1,incremental,WEOB1,70.21376481982637,0.0
sine_P(y),1,incremental,OOB,70.14057977126849,1.4210854715202004e-14
sine_P(y),1,incremental,ESOS_ELM,65.39259454903186,0.06784995314366407
sine_P(y),1,incremental,improved_UOB,69.87343906701253,0.0
sine_P(y),1,incremental,WEOB2,69.88675660509111,1.4210854715202004e-14
sine_P(y),1,incremental,UOB,69.82625100436822,1.4210854715202004e-14
sine_P(y),1,incremental,CSMOTE,69.00886987889722,1.4210854715202004e-14
sine_P(y),1,incremental,RebalanceStream,68.46468116646568,1.4210854715202004e-14
sine_P(y),2,incremental,improved_OOB,70.35071972023249,0.0
sine_P(y),2,incremental,WEOB1,70.32899195614696,0.0
sine_P(y),2,incremental,OOB,70.36901144719772,0.0
sine_P(y),2,incremental,ESOS_ELM,65.5323445268153,0.03268453107690369
sine_P(y),2,incremental,improved_UOB,70.1151874545044,0.0
sine_P(y),2,incremental,WEOB2,70.03297150779474,0.0
sine_P(y),2,incremental,UOB,70.07760967468087,0.0
sine_P(y),2,incremental,CSMOTE,69.78482182092344,0.0
sine_P(y),2,incremental,RebalanceStream,69.06255289708803,0.0
sine_P(y),2,sudden,improved_OOB,70.3397625621727,1.4210854715202004e-14
sine_P(y),2,sudden,WEOB1,70.32683808191896,0.0
sine_P(y),2,sudden,OOB,70.36621982572902,0.0
sine_P(y),2,sudden,ESOS_ELM,65.31448389058772,0.034481837982150536
sine_P(y),2,sudden,improved_UOB,70.11266879272235,1.4210854715202004e-14
sine_P(y),2,sudden,WEOB2,70.02291155408605,0.0
sine_P(y),2,sudden,UOB,70.07535874366587,0.0
sine_P(y),2,sudden,CSMOTE,69.4841854494205,0.0
sine_P(y),2,sudden,RebalanceStream,69.06114205350137,0.0
sine_P(y_x),4,incremental,improved_OOB,68.59553342150991,0.0
sine_P(y_x),4,incremental,WEOB1,68.61008602231355,0.0
sine_P(y_x),4,incremental,OOB,68.53587496909363,1.4210854715202004e-14
sine_P(y_x),4,incremental,ESOS_ELM,64.10077588248326,0.014982172865758215
sine_P(y_x),4,incremental,improved_UOB,68.50161256117687,1.4210854715202004e-14
sine_P(y_x),4,incremental,WEOB2,58.4916038710238,0.0
sine_P(y_x),4,incremental,UOB,68.2027188094709,0.0
sine_P(y_x),4,incremental,CSMOTE,68.0480317920366,0.0
sine_P(y_x),4,incremental,RebalanceStream,68.16975250631046,0.0
sine_P(y_x),4,sudden,improved_OOB,69.93298490994212,0.0
sine_P(y_x),4,sudden,WEOB1,69.92375018538732,0.0
sine_P(y_x),4,sudden,OOB,69.7587131831034,0.0
sine_P(y_x),4,sudden,ESOS_ELM,62.855831216530646,1.9816446540310022
sine_P(y_x),4,sudden,improved_UOB,69.68243483004635,1.4210854715202004e-14
sine_P(y_x),4,sudden,WEOB2,64.08284118159713,0.0
sine_P(y_x),4,sudden,UOB,69.7587131831034,0.0
sine_P(y_x),4,sudden,CSMOTE,69.24814481438966,0.0
sine_P(y_x),4,sudden,RebalanceStream,69.74737480690206,0.0
sine_P(y_x),3,sudden,improved_OOB,69.9036260684112,0.0
sine_P(y_x),3,sudden,WEOB1,69.82091456066723,0.0
sine_P(y_x),3,sudden,OOB,69.90702219902799,0.0
sine_P(y_x),3,sudden,ESOS_ELM,63.58178709448771,1.6485346807818535
sine_P(y_x),3,sudden,improved_UOB,69.58078842405612,0.0
sine_P(y_x),3,sudden,WEOB2,63.34833617151967,0.0
sine_P(y_x),3,sudden,UOB,69.41037993845052,1.4210854715202004e-14
sine_P(y_x),3,sudden,CSMOTE,68.89597778197347,0.0
sine_P(y_x),3,sudden,RebalanceStream,69.4442038657794,0.0
sine_P(y_x),3,incremental,improved_OOB,68.66002663400113,0.0
sine_P(y_x),3,incremental,WEOB1,68.6199183437869,0.0
sine_P(y_x),3,incremental,OOB,68.53084374916634,1.4210854715202004e-14
sine_P(y_x),3,incremental,ESOS_ELM,63.534196586140375,0.019684296156122803
sine_P(y_x),3,incremental,improved_UOB,68.3604121130867,0.0
sine_P(y_x),3,incremental,WEOB2,59.146351889172266,0.0
sine_P(y_x),3,incremental,UOB,68.12843679302229,0.0
sine_P(y_x),3,incremental,CSMOTE,67.60391396198045,1.4210854715202004e-14
sine_P(y_x),3,incremental,RebalanceStream,67.95151698660496,0.0
sine_P(y_x),1,sudden,improved_OOB,69.57487656219105,1.4210854715202004e-14
sine_P(y_x),1,sudden,WEOB1,69.62849768942536,1.4210854715202004e-14
sine_P(y_x),1,sudden,OOB,69.59299009228428,1.4210854715202004e-14
sine_P(y_x),1,sudden,ESOS_ELM,64.24466290437579,0.015016728343285
sine_P(y_x),1,sudden,improved_UOB,67.62426876846123,0.0
sine_P(y_x),1,sudden,WEOB2,57.07454087884595,0.0
sine_P(y_x),1,sudden,UOB,66.54521874119715,0.0
sine_P(y_x),1,sudden,CSMOTE,65.64973992242585,0.0
sine_P(y_x),1,sudden,RebalanceStream,67.58244906998064,1.4210854715202004e-14
sine_P(y_x),1,incremental,improved_OOB,68.13716292034697,1.4210854715202004e-14
sine_P(y_x),1,incremental,WEOB1,68.20133878552824,0.0
sine_P(y_x),1,incremental,OOB,68.21585163721019,1.4210854715202004e-14
sine_P(y_x),1,incremental,ESOS_ELM,64.08582388223773,0.017566162279025126
sine_P(y_x),1,incremental,improved_UOB,66.64112656951508,0.0
sine_P(y_x),1,incremental,WEOB2,54.083256010429444,0.0
sine_P(y_x),1,incremental,UOB,66.25668354688892,0.0
sine_P(y_x),1,incremental,CSMOTE,64.83150986568225,0.0
sine_P(y_x),1,incremental,RebalanceStream,64.10740900618967,0.0
sine_P(y_x),2,incremental,improved_OOB,68.54082055289254,0.0
sine_P(y_x),2,incremental,WEOB1,68.49456310186943,0.0
sine_P(y_x),2,incremental,OOB,68.62873412712284,1.4210854715202004e-14
sine_P(y_x),2,incremental,ESOS_ELM,63.716500587552616,0.03141096702568063
sine_P(y_x),2,incremental,improved_UOB,68.03459630239777,0.0
sine_P(y_x),2,incremental,WEOB2,56.01097016423587,0.0
sine_P(y_x),2,incremental,UOB,68.02761961941715,0.0
sine_P(y_x),2,incremental,CSMOTE,66.82025334521606,0.0
sine_P(y_x),2,incremental,RebalanceStream,66.08837000088349,0.0
sine_P(y_x),2,sudden,improved_OOB,69.83214516369438,0.0
sine_P(y_x),2,sudden,WEOB1,69.81130274339355,0.0
sine_P(y_x),2,sudden,OOB,69.97478795188472,1.4210854715202004e-14
sine_P(y_x),2,sudden,ESOS_ELM,63.84361399275416,0.30573029016095365
sine_P(y_x),2,sudden,improved_UOB,68.86077814415466,0.0
sine_P(y_x),2,sudden,WEOB2,56.32467009808211,0.0
sine_P(y_x),2,sudden,UOB,68.6127836548033,1.4210854715202004e-14
sine_P(y_x),2,sudden,CSMOTE,68.03537526110287,1.4210854715202004e-14
sine_P(y_x),2,sudden,RebalanceStream,68.81015520641344,0.0
sine_P(x_y),4,incremental,improved_OOB,70.41003315224181,0.0
sine_P(x_y),4,incremental,WEOB1,70.38886759385375,1.4210854715202004e-14
sine_P(x_y),4,incremental,OOB,70.39859358386032,0.0
sine_P(x_y),4,incremental,ESOS_ELM,65.26195499185161,0.049279183896611775
sine_P(x_y),4,incremental,improved_UOB,70.28820910441878,0.0
sine_P(x_y),4,incremental,WEOB2,70.23177167871985,0.0
sine_P(x_y),4,incremental,UOB,70.39859358386033,1.4210854715202004e-14
sine_P(x_y),4,incremental,CSMOTE,70.22891975070885,0.0
sine_P(x_y),4,incremental,RebalanceStream,70.08548806693531,0.0
sine_P(x_y),4,sudden,improved_OOB,70.41624253310604,1.4210854715202004e-14
sine_P(x_y),4,sudden,WEOB1,70.39413885326687,1.4210854715202004e-14
sine_P(x_y),4,sudden,OOB,70.40915997077278,1.4210854715202004e-14
sine_P(x_y),4,sudden,ESOS_ELM,65.44535669600874,0.022250383440288537
sine_P(x_y),4,sudden,improved_UOB,70.29929327034867,0.0
sine_P(x_y),4,sudden,WEOB2,70.27750967966463,1.4210854715202004e-14
sine_P(x_y),4,sudden,UOB,70.40915997077278,1.4210854715202004e-14
sine_P(x_y),4,sudden,CSMOTE,70.2417241956787,0.0
sine_P(x_y),4,sudden,RebalanceStream,70.13839299046957,0.0
sine_P(x_y),3,sudden,improved_OOB,70.37207705623985,0.0
sine_P(x_y),3,sudden,WEOB1,70.38846608195345,1.4210854715202004e-14
sine_P(x_y),3,sudden,OOB,70.40098411320177,1.4210854715202004e-14
sine_P(x_y),3,sudden,ESOS_ELM,65.4649617398985,0.01486844149998027
sine_P(x_y),3,sudden,improved_UOB,70.25645339459155,0.0
sine_P(x_y),3,sudden,WEOB2,70.21835240141368,1.4210854715202004e-14
sine_P(x_y),3,sudden,UOB,70.1590560991533,0.0
sine_P(x_y),3,sudden,CSMOTE,70.2107693712301,0.0
sine_P(x_y),3,sudden,RebalanceStream,70.03901882173543,1.4210854715202004e-14
sine_P(x_y),3,incremental,improved_OOB,70.35460750850152,0.0
sine_P(x_y),3,incremental,WEOB1,70.38943141390959,0.0
sine_P(x_y),3,incremental,OOB,70.39545430725352,0.0
sine_P(x_y),3,incremental,ESOS_ELM,65.35274467207688,0.05682302849706669
sine_P(x_y),3,incremental,improved_UOB,70.2477136421746,1.4210854715202004e-14
sine_P(x_y),3,incremental,WEOB2,70.20205984049622,1.4210854715202004e-14
sine_P(x_y),3,incremental,UOB,70.13434259538573,0.0
sine_P(x_y),3,incremental,CSMOTE,70.22274824208098,1.4210854715202004e-14
sine_P(x_y),3,incremental,RebalanceStream,69.84061038655162,0.0
sine_P(x_y),1,sudden,improved_OOB,70.08604996032076,0.0
sine_P(x_y),1,sudden,WEOB1,70.19339333895172,0.0
sine_P(x_y),1,sudden,OOB,70.0861117253787,0.0
sine_P(x_y),1,sudden,ESOS_ELM,64.88354031726814,0.07204056841483998
sine_P(x_y),1,sudden,improved_UOB,70.00861462694209,0.0
sine_P(x_y),1,sudden,WEOB2,69.8195909666778,0.0
sine_P(x_y),1,sudden,UOB,69.90378843317458,0.0
sine_P(x_y),1,sudden,CSMOTE,68.58806653752461,0.0
sine_P(x_y),1,sudden,RebalanceStream,69.06053046757015,0.0
sine_P(x_y),1,incremental,improved_OOB,70.10139768812886,0.0
sine_P(x_y),1,incremental,WEOB1,70.20790253404968,0.0
sine_P(x_y),1,incremental,OOB,70.1255444367439,0.0
sine_P(x_y),1,incremental,ESOS_ELM,65.1596372159435,0.08869040748813307
sine_P(x_y),1,incremental,improved_UOB,70.06545681233055,1.4210854715202004e-14
sine_P(x_y),1,incremental,WEOB2,69.85395266097191,0.0
sine_P(x_y),1,incremental,UOB,69.95996926435326,0.0
sine_P(x_y),1,incremental,CSMOTE,68.59060246320038,0.0
sine_P(x_y),1,incremental,RebalanceStream,69.10225534592428,0.0
sine_P(x_y),2,incremental,improved_OOB,70.35273505966595,0.0
sine_P(x_y),2,incremental,WEOB1,70.36847085849608,1.4210854715202004e-14
sine_P(x_y),2,incremental,OOB,70.37717215787652,0.0
sine_P(x_y),2,incremental,ESOS_ELM,65.23807575879212,0.03885367943134839
sine_P(x_y),2,incremental,improved_UOB,70.1758369770337,0.0
sine_P(x_y),2,incremental,WEOB2,70.14729428137979,0.0
sine_P(x_y),2,incremental,UOB,70.08179688236888,1.4210854715202004e-14
sine_P(x_y),2,incremental,CSMOTE,69.70861750472656,1.4210854715202004e-14
sine_P(x_y),2,incremental,RebalanceStream,69.84485577272508,0.0
sine_P(x_y),2,sudden,improved_OOB,70.35665802131493,0.0
sine_P(x_y),2,sudden,WEOB1,70.38132599725523,0.0
sine_P(x_y),2,sudden,OOB,70.37649910377755,0.0
sine_P(x_y),2,sudden,ESOS_ELM,65.3978194149569,0.020369291190624812
sine_P(x_y),2,sudden,improved_UOB,70.17438225167874,0.0
sine_P(x_y),2,sudden,WEOB2,70.15811843092912,0.0
sine_P(x_y),2,sudden,UOB,70.0861833121186,1.4210854715202004e-14
sine_P(x_y),2,sudden,CSMOTE,69.87705728340052,0.0
sine_P(x_y),2,sudden,RebalanceStream,69.85589122620468,0.0
jitter,1,incremental,improved_OOB,65.54680798951384,0.0
jitter,1,incremental,WEOB1,65.97873469088998,0.0
jitter,1,incremental,CSMOTE,63.12492595289929,0.0
jitter,1,incremental,OOB,65.73554498836094,0.0
jitter,1,incremental,ESOS_ELM,60.627986340595996,0.3288876367505326
jitter,1,incremental,improved_UOB,64.57847189331599,0.0
jitter,1,incremental,WEOB2,64.46000559134856,1.4210854715202004e-14
jitter,1,incremental,UOB,64.47643472569294,0.0
jitter,1,incremental,RebalanceStream,54.52086864093758,0.0
jitter,1,sudden,improved_OOB,68.06786687849583,1.4210854715202004e-14
jitter,1,sudden,WEOB1,68.07209927270017,0.0
jitter,1,sudden,CSMOTE,65.08266301936467,0.0
jitter,1,sudden,OOB,68.06853102909277,1.4210854715202004e-14
jitter,1,sudden,ESOS_ELM,63.500754175705694,0.1331490629092062
jitter,1,sudden,improved_UOB,66.22416208604338,0.0
jitter,1,sudden,WEOB2,65.2869211400174,0.0
jitter,1,sudden,UOB,65.76155416824315,0.0
jitter,1,sudden,RebalanceStream,60.415199554566605,0.0
jitter,1,periodic,improved_OOB,65.54680798951384,0.0
jitter,1,periodic,WEOB1,65.97873469088998,0.0
jitter,1,periodic,CSMOTE,63.12492595289929,0.0
jitter,1,periodic,OOB,65.73554498836094,0.0
jitter,1,periodic,ESOS_ELM,60.36062744426353,0.47876540104827003
jitter,1,periodic,improved_UOB,64.57847189331599,0.0
jitter,1,periodic,WEOB2,64.46000559134856,1.4210854715202004e-14
jitter,1,periodic,UOB,64.47643472569294,0.0
jitter,1,periodic,RebalanceStream,54.52086864093758,0.0
jitter,2,incremental,improved_OOB,66.37410959483205,1.4210854715202004e-14
jitter,2,incremental,WEOB1,66.37507539279667,0.0
jitter,2,incremental,CSMOTE,64.31770050017465,1.4210854715202004e-14
jitter,2,incremental,OOB,66.70391390343386,0.0
jitter,2,incremental,ESOS_ELM,60.81633673335158,0.3613129368357792
jitter,2,incremental,improved_UOB,64.31285158276901,1.4210854715202004e-14
jitter,2,incremental,WEOB2,64.93659595523494,0.0
jitter,2,incremental,UOB,64.77258011359257,0.0
jitter,2,incremental,RebalanceStream,61.78640761419864,0.0
jitter,2,sudden,improved_OOB,68.0404451274816,1.4210854715202004e-14
jitter,2,sudden,WEOB1,67.93069810131354,0.0
jitter,2,sudden,CSMOTE,65.78083132704782,0.0
jitter,2,sudden,OOB,68.2122324659563,0.0
jitter,2,sudden,ESOS_ELM,63.33989806985255,0.26561879935554783
jitter,2,sudden,improved_UOB,66.8420604459244,0.0
jitter,2,sudden,WEOB2,65.94533355127781,0.0
jitter,2,sudden,UOB,66.54982335991981,1.4210854715202004e-14
jitter,2,sudden,RebalanceStream,64.9962737106864,0.0
jitter,2,periodic,improved_OOB,66.37410959483205,1.4210854715202004e-14
jitter,2,periodic,WEOB1,66.37507539279667,0.0
jitter,2,periodic,CSMOTE,64.31770050017465,1.4210854715202004e-14
jitter,2,periodic,OOB,66.70391390343386,0.0
jitter,2,periodic,ESOS_ELM,60.79290209160746,0.45943680613859833
jitter,2,periodic,improved_UOB,64.31285158276901,1.4210854715202004e-14
jitter,2,periodic,WEOB2,64.93659595523494,0.0
jitter,2,periodic,UOB,64.77258011359257,0.0
jitter,2,periodic,RebalanceStream,61.78640761419864,0.0
jitter,3,incremental,improved_OOB,66.97973718941998,0.0
jitter,3,incremental,WEOB1,66.84248486462924,0.0
jitter,3,incremental,CSMOTE,65.36687476450018,1.4210854715202004e-14
jitter,3,incremental,OOB,67.01713606972557,0.0
jitter,3,incremental,ESOS_ELM,62.04299437895683,0.04710624611388108
jitter,3,incremental,improved_UOB,66.42094533493739,0.0
jitter,3,incremental,WEOB2,65.75702455872575,1.4210854715202004e-14
jitter,3,incremental,UOB,66.05422080217008,1.4210854715202004e-14
jitter,3,incremental,RebalanceStream,65.26323204117492,0.0
jitter,3,sudden,improved_OOB,68.20218564095885,0.0
jitter,3,sudden,WEOB1,68.0385978866633,0.0
jitter,3,sudden,CSMOTE,66.06723311928644,1.4210854715202004e-14
jitter,3,sudden,OOB,68.22517175712309,0.0
jitter,3,sudden,ESOS_ELM,63.38714263491804,0.19923106003584523
jitter,3,sudden,improved_UOB,67.5330278661522,0.0
jitter,3,sudden,WEOB2,66.20077483461891,1.4210854715202004e-14
jitter,3,sudden,UOB,67.09211430335344,0.0
jitter,3,sudden,RebalanceStream,67.05606296701583,0.0
jitter,3,periodic,improved_OOB,66.97973718941998,0.0
jitter,3,periodic,WEOB1,66.84248486462924,0.0
jitter,3,periodic,CSMOTE,65.36687476450018,1.4210854715202004e-14
jitter,3,periodic,OOB,67.01713606972557,0.0
jitter,3,periodic,ESOS_ELM,62.044375705102276,0.0659097529244773
jitter,3,periodic,improved_UOB,66.42094533493739,0.0
jitter,3,periodic,WEOB2,65.75702455872575,1.4210854715202004e-14
jitter,3,periodic,UOB,66.05422080217008,1.4210854715202004e-14
jitter,3,periodic,RebalanceStream,65.26323204117492,0.0
jitter,4,incremental,improved_OOB,66.79947661018363,1.4210854715202004e-14
jitter,4,incremental,WEOB1,66.61458125777997,0.0
jitter,4,incremental,CSMOTE,65.33087751350595,0.0
jitter,4,incremental,OOB,66.37953059670906,0.0
jitter,4,incremental,ESOS_ELM,61.16129190221403,0.7214110798442042
jitter,4,incremental,improved_UOB,65.7530821384556,0.0
jitter,4,incremental,WEOB2,65.49539600972443,1.4210854715202004e-14
jitter,4,incremental,UOB,66.37953059670906,0.0
jitter,4,incremental,RebalanceStream,65.60781885595068,0.0
jitter,4,sudden,improved_OOB,67.98993642631335,1.4210854715202004e-14
jitter,4,sudden,WEOB1,67.90509473115539,0.0
jitter,4,sudden,CSMOTE,66.20563980068945,0.0
jitter,4,sudden,OOB,67.85814911722971,1.4210854715202004e-14
jitter,4,sudden,ESOS_ELM,63.34246731382247,0.08947207877183534
jitter,4,sudden,improved_UOB,67.58651033401733,0.0
jitter,4,sudden,WEOB2,65.92273020822009,0.0
jitter,4,sudden,UOB,67.85814911722971,1.4210854715202004e-14
jitter,4,sudden,RebalanceStream,67.69902030171428,0.0
jitter,4,periodic,improved_OOB,66.79947661018363,1.4210854715202004e-14
jitter,4,periodic,WEOB1,66.61458125777997,0.0
jitter,4,periodic,CSMOTE,65.33087751350595,0.0
jitter,4,periodic,OOB,66.37953059670906,0.0
jitter,4,periodic,ESOS_ELM,61.005957347229185,0.6574687515364747
jitter,4,periodic,improved_UOB,65.7530821384556,0.0
jitter,4,periodic,WEOB2,65.49539600972443,1.4210854715202004e-14
jitter,4,periodic,UOB,66.37953059670906,0.0
jitter,4,periodic,RebalanceStream,65.60781885595068,0.0
disappearing-minority,1,incremental,improved_OOB,58.78151664725533,0.0
disappearing-minority,1,incremental,WEOB1,58.773002320121954,7.105427357601002e-15
disappearing-minority,1,incremental,CSMOTE,57.306728632821624,0.0
disappearing-minority,1,incremental,OOB,58.79682227017228,7.105427357601002e-15
disappearing-minority,1,incremental,ESOS_ELM,54.67837050129757,0.045974830808812504
disappearing-minority,1,incremental,improved_UOB,57.65061089999735,0.0
disappearing-minority,1,incremental,WEOB2,57.58652705925501,0.0
disappearing-minority,1,incremental,UOB,57.578783103297575,0.0
disappearing-minority,1,incremental,RebalanceStream,50.47313637322053,7.105427357601002e-15
disappearing-minority,1,sudden,improved_OOB,57.81232262070282,0.0
disappearing-minority,1,sudden,WEOB1,57.880923766505745,1.4210854715202004e-14
disappearing-minority,1,sudden,CSMOTE,56.771651143525766,0.0
disappearing-minority,1,sudden,OOB,57.828094090124104,7.105427357601002e-15
disappearing-minority,1,sudden,ESOS_ELM,53.84439669040912,0.043361890819026666
disappearing-minority,1,sudden,improved_UOB,56.86483470532373,0.0
disappearing-minority,1,sudden,WEOB2,56.82222562969432,0.0
disappearing-minority,1,sudden,UOB,56.79376504751548,0.0
disappearing-minority,1,sudden,RebalanceStream,50.12478065079558,0.0
disappearing-minority,1,periodic,improved_OOB,65.83513709965686,0.0
disappearing-minority,1,periodic,WEOB1,66.22386658931262,1.4210854715202004e-14
disappearing-minority,1,periodic,CSMOTE,64.17885236629414,0.0
disappearing-minority,1,periodic,OOB,65.91640158383123,0.0
disappearing-minority,1,periodic,ESOS_ELM,60.99720382118339,0.10278615741026989
disappearing-minority,1,periodic,improved_UOB,64.90313488635567,0.0
disappearing-minority,1,periodic,WEOB2,64.56765979179735,0.0
disappearing-minority,1,periodic,UOB,64.83022626232743,0.0
disappearing-minority,1,periodic,RebalanceStream,54.940454941477775,0.0
disappearing-minority,2,incremental,improved_OOB,58.7700763062021,0.0
disappearing-minority,2,incremental,WEOB1,58.71902979332473,0.0
disappearing-minority,2,incremental,CSMOTE,58.19451660464396,0.0
disappearing-minority,2,incremental,OOB,58.9424306141972,0.0
disappearing-minority,2,incremental,ESOS_ELM,54.669884357137775,0.06695256922336294
disappearing-minority,2,incremental,improved_UOB,58.09461443069567,1.4210854715202004e-14
disappearing-minority,2,incremental,WEOB2,57.921276797504014,0.0
disappearing-minority,2,incremental,UOB,57.893131870001206,0.0
disappearing-minority,2,incremental,RebalanceStream,55.182160903623455,0.0
disappearing-minority,2,sudden,improved_OOB,57.882143916833016,0.0
disappearing-minority,2,sudden,WEOB1,57.84409554948536,0.0
disappearing-minority,2,sudden,CSMOTE,57.64906367377923,0.0
disappearing-minority,2,sudden,OOB,58.05646675282243,0.0
disappearing-minority,2,sudden,ESOS_ELM,53.78654990629146,0.06447974649251824
disappearing-minority,2,sudden,improved_UOB,57.22357001640121,1.4210854715202004e-14
disappearing-minority,2,sudden,WEOB2,57.07476583535767,0.0
disappearing-minority,2,sudden,UOB,57.05634508811162,7.105427357601002e-15
disappearing-minority,2,sudden,RebalanceStream,54.773655601765654,0.0
disappearing-minority,2,periodic,improved_OOB,66.30230226824486,0.0
disappearing-minority,2,periodic,WEOB1,66.4422719669192,0.0
disappearing-minority,2,periodic,CSMOTE,65.31749175898786,1.4210854715202004e-14
disappearing-minority,2,periodic,OOB,66.52219729220519,0.0
disappearing-minority,2,periodic,ESOS_ELM,61.20413768283985,0.1584977195241994
disappearing-minority,2,periodic,improved_UOB,65.87223227973416,1.4210854715202004e-14
disappearing-minority,2,periodic,WEOB2,65.59014691972516,0.0
disappearing-minority,2,periodic,UOB,65.56883666561876,1.4210854715202004e-14
disappearing-minority,2,periodic,RebalanceStream,57.58909876923847,0.0
disappearing-minority,3,incremental,improved_OOB,58.90356356955367,1.4210854715202004e-14
disappearing-minority,3,incremental,WEOB1,58.80482422362955,0.0
disappearing-minority,3,incremental,CSMOTE,58.54216320330696,7.105427357601002e-15
disappearing-minority,3,incremental,OOB,58.914089254395094,0.0
disappearing-minority,3,incremental,ESOS_ELM,54.59378162474119,0.093945670640028
disappearing-minority,3,incremental,improved_UOB,58.48585689190385,0.0
disappearing-minority,3,incremental,WEOB2,58.29074306566895,0.0
disappearing-minority,3,incremental,UOB,58.144574922356604,0.0
disappearing-minority,3,incremental,RebalanceStream,57.25897351243693,0.0
disappearing-minority,3,sudden,improved_OOB,58.028668632581095,0.0
disappearing-minority,3,sudden,WEOB1,57.92295340949939,0.0
disappearing-minority,3,sudden,CSMOTE,57.87261264464621,0.0
disappearing-minority,3,sudden,OOB,58.03536320362688,7.105427357601002e-15
disappearing-minority,3,sudden,ESOS_ELM,53.72390649817845,0.043140121613162274
disappearing-minority,3,sudden,improved_UOB,57.6258455821944,0.0
disappearing-minority,3,sudden,WEOB2,57.41443828673319,1.4210854715202004e-14
disappearing-minority,3,sudden,UOB,57.27803449648353,0.0
disappearing-minority,3,sudden,RebalanceStream,56.98624218659139,0.0
disappearing-minority,3,periodic,improved_OOB,66.47791607188654,0.0
disappearing-minority,3,periodic,WEOB1,66.62637052059765,1.4210854715202004e-14
disappearing-minority,3,periodic,CSMOTE,65.93490344305687,0.0
disappearing-minority,3,periodic,OOB,66.51452773083028,0.0
disappearing-minority,3,periodic,ESOS_ELM,60.89129638584708,0.19727429480465647
disappearing-minority,3,periodic,improved_UOB,66.31675103555384,1.4210854715202004e-14
disappearing-minority,3,periodic,WEOB2,66.05556946380325,1.4210854715202004e-14
disappearing-minority,3,periodic,UOB,65.9324629709075,0.0
disappearing-minority,3,periodic,RebalanceStream,62.2304774092785,0.0
disappearing-minority,4,incremental,improved_OOB,58.82774232058453,0.0
disappearing-minority,4,incremental,WEOB1,58.7471742942465,0.0
disappearing-minority,4,incremental,CSMOTE,58.55749522878828,0.0
disappearing-minority,4,incremental,OOB,58.705638182144504,0.0
disappearing-minority,4,incremental,ESOS_ELM,54.617271509169164,0.09781064599790698
disappearing-minority,4,incremental,improved_UOB,58.46409984659855,0.0
disappearing-minority,4,incremental,WEOB2,58.26274761718129,0.0
disappearing-minority,4,incremental,UOB,58.70544995922014,0.0
disappearing-minority,4,incremental,RebalanceStream,57.830251887161054,1.4210854715202004e-14
disappearing-minority,4,sudden,improved_OOB,57.93929981631777,0.0
disappearing-minority,4,sudden,WEOB1,57.879085250729545,0.0
disappearing-minority,4,sudden,CSMOTE,57.95542585415969,0.0
disappearing-minority,4,sudden,OOB,57.799172315539316,0.0
disappearing-minority,4,sudden,ESOS_ELM,53.71775146717484,0.06414210389652045
disappearing-minority,4,sudden,improved_UOB,57.624427039882825,0.0
disappearing-minority,4,sudden,WEOB2,57.39429204385302,7.105427357601002e-15
disappearing-minority,4,sudden,UOB,57.799172315539316,0.0
disappearing-minority,4,sudden,RebalanceStream,57.61366915811235,7.105427357601002e-15
disappearing-minority,4,periodic,improved_OOB,66.46870563536501,0.0
disappearing-minority,4,periodic,WEOB1,66.5907552896251,1.4210854715202004e-14
disappearing-minority,4,periodic,CSMOTE,66.08325583118506,0.0
disappearing-minority,4,periodic,OOB,66.36913581609112,0.0
disappearing-minority,4,periodic,ESOS_ELM,60.813085609402286,0.17087174827663382
disappearing-minority,4,periodic,improved_UOB,66.35807844463922,0.0
disappearing-minority,4,periodic,WEOB2,66.08475904915704,0.0
disappearing-minority,4,periodic,UOB,65.81641432051029,1.4210854715202004e-14
disappearing-minority,4,periodic,RebalanceStream,65.22322660208374,0.0
appearing-minority,1,incremental,improved_OOB,58.33129744975289,0.0
appearing-minority,1,incremental,WEOB1,58.69942755855087,7.105427357601002e-15
appearing-minority,1,incremental,CSMOTE,57.24298772940339,7.105427357601002e-15
appearing-minority,1,incremental,OOB,58.56038790208331,0.0
appearing-minority,1,incremental,ESOS_ELM,50.0,0.0
appearing-minority,1,incremental,improved_UOB,57.834985240474374,7.105427357601002e-15
appearing-minority,1,incremental,WEOB2,57.68109576375863,0.0
appearing-minority,1,incremental,UOB,57.56807907256738,7.105427357601002e-15
appearing-minority,1,incremental,RebalanceStream,52.14473376792995,0.0
appearing-minority,1,sudden,improved_OOB,57.800665208436726,0.0
appearing-minority,1,sudden,WEOB1,57.93917875459706,0.0
appearing-minority,1,sudden,CSMOTE,56.695878412411595,0.0
appearing-minority,1,sudden,OOB,58.06924396756134,0.0
appearing-minority,1,sudden,ESOS_ELM,50.0,0.0
appearing-minority,1,sudden,improved_UOB,56.83618808981028,0.0
appearing-minority,1,sudden,WEOB2,56.705767719330915,0.0
appearing-minority,1,sudden,UOB,56.54750566225289,0.0
appearing-minority,1,sudden,RebalanceStream,50.91912665419018,0.0
appearing-minority,1,periodic,improved_OOB,51.34712449379024,0.0
appearing-minority,1,periodic,WEOB1,51.49561110463246,0.0
appearing-minority,1,periodic,CSMOTE,51.25877161376354,0.0
appearing-minority,1,periodic,OOB,51.346407912474305,0.0
appearing-minority,1,periodic,ESOS_ELM,50.0,0.0
appearing-minority,1,periodic,improved_UOB,51.41654519654744,0.0
appearing-minority,1,periodic,WEOB2,51.41218804291721,0.0
appearing-minority,1,periodic,UOB,50.99921332408148,7.105427357601002e-15
appearing-minority,1,periodic,RebalanceStream,51.00510301180678,0.0
appearing-minority,2,incremental,improved_OOB,59.018056402590936,7.105427357601002e-15
appearing-minority,2,incremental,WEOB1,59.20485211387771,0.0
appearing-minority,2,incremental,CSMOTE,58.012176852540094,1.4210854715202004e-14
appearing-minority,2,incremental,OOB,59.21394062781682,0.0
appearing-minority,2,incremental,ESOS_ELM,50.0,0.0
appearing-minority,2,incremental,improved_UOB,58.38310941846644,0.0
appearing-minority,2,incremental,WEOB2,58.16049576315005,0.0
appearing-minority,2,incremental,UOB,58.87613886312355,7.105427357601002e-15
appearing-minority,2,incremental,RebalanceStream,54.17645627588662,0.0
appearing-minority,2,sudden,improved_OOB,58.308499506956615,7.105427357601002e-15
appearing-minority,2,sudden,WEOB1,58.240219911185214,0.0
appearing-minority,2,sudden,CSMOTE,57.48465930301503,7.105427357601002e-15
appearing-minority,2,sudden,OOB,58.31392777998967,1.4210854715202004e-14
appearing-minority,2,sudden,ESOS_ELM,50.0,0.0
appearing-minority,2,sudden,improved_UOB,57.36015396077615,7.105427357601002e-15
appearing-minority,2,sudden,WEOB2,57.16129102173254,1.4210854715202004e-14
appearing-minority,2,sudden,UOB,57.39022431682704,0.0
appearing-minority,2,sudden,RebalanceStream,54.29666423914114,0.0
appearing-minority,2,periodic,improved_OOB,51.54403672443514,0.0
appearing-minority,2,periodic,WEOB1,51.61332072013221,0.0
appearing-minority,2,periodic,CSMOTE,51.39506174332172,0.0
appearing-minority,2,periodic,OOB,51.584672820267336,0.0
appearing-minority,2,periodic,ESOS_ELM,50.0,0.0
appearing-minority,2,periodic,improved_UOB,51.43804337155323,0.0
appearing-minority,2,periodic,WEOB2,51.43214105741504,0.0
appearing-minority,2,periodic,UOB,51.3170940770739,0.0
appearing-minority,2,periodic,RebalanceStream,51.20719280303943,0.0
appearing-minority,3,incremental,improved_OOB,59.32718208757012,0.0
appearing-minority,3,incremental,WEOB1,59.25954592441743,0.0
appearing-minority,3,incremental,CSMOTE,58.68121875358016,0.0
appearing-minority,3,incremental,OOB,59.45120981199917,7.105427357601002e-15
appearing-minority,3,incremental,ESOS_ELM,50.0,0.0
appearing-minority,3,incremental,improved_UOB,58.86054289687528,0.0
appearing-minority,3,incremental,WEOB2,58.541521175162906,7.105427357601002e-15
appearing-minority,3,incremental,UOB,58.783182924230914,0.0
appearing-minority,3,incremental,RebalanceStream,57.591067579067534,7.105427357601002e-15
appearing-minority,3,sudden,improved_OOB,58.301767672089476,0.0
appearing-minority,3,sudden,WEOB1,58.246377787078515,1.4210854715202004e-14
appearing-minority,3,sudden,CSMOTE,58.07087279574686,0.0
appearing-minority,3,sudden,OOB,58.22323389650019,1.4210854715202004e-14
appearing-minority,3,sudden,ESOS_ELM,50.0,0.0
appearing-minority,3,sudden,improved_UOB,57.501965174835085,7.105427357601002e-15
appearing-minority,3,sudden,WEOB2,57.29859702412011,0.0
appearing-minority,3,sudden,UOB,57.64462356910322,1.4210854715202004e-14
appearing-minority,3,sudden,RebalanceStream,56.700917714994674,0.0
appearing-minority,3,periodic,improved_OOB,51.644734694660215,0.0
appearing-minority,3,periodic,WEOB1,51.63318332907416,0.0
appearing-minority,3,periodic,CSMOTE,51.410055785746636,0.0
appearing-minority,3,periodic,OOB,51.6909378873671,0.0
appearing-minority,3,periodic,ESOS_ELM,50.0,0.0
appearing-minority,3,periodic,improved_UOB,51.46770515401181,0.0
appearing-minority,3,periodic,WEOB2,51.44541667198483,0.0
appearing-minority,3,periodic,UOB,51.44564346593438,0.0
appearing-minority,3,periodic,RebalanceStream,51.29898172219699,0.0
appearing-minority,4,incremental,improved_OOB,59.38721383181852,0.0
appearing-minority,4,incremental,WEOB1,59.37383279528198,7.105427357601002e-15
appearing-minority,4,incremental,CSMOTE,58.69108632247687,0.0
appearing-minority,4,incremental,OOB,59.484959277631525,0.0
appearing-minority,4,incremental,ESOS_ELM,50.0,0.0
appearing-minority,4,incremental,improved_UOB,59.03556799271589,0.0
appearing-minority,4,incremental,WEOB2,58.9156423564635,0.0
appearing-minority,4,incremental,UOB,59.06141505601189,7.105427357601002e-15
appearing-minority,4,incremental,RebalanceStream,58.458958664652734,0.0
appearing-minority,4,sudden,improved_OOB,58.29709680589701,0.0
appearing-minority,4,sudden,WEOB1,58.19205046817141,7.105427357601002e-15
appearing-minority,4,sudden,CSMOTE,57.92810782669794,1.4210854715202004e-14
appearing-minority,4,sudden,OOB,58.19263929174459,0.0
appearing-minority,4,sudden,ESOS_ELM,50.0,0.0
appearing-minority,4,sudden,improved_UOB,57.54910599263852,7.105427357601002e-15
appearing-minority,4,sudden,WEOB2,57.305372460034654,0.0
appearing-minority,4,sudden,UOB,57.67366525661915,0.0
appearing-minority,4,sudden,RebalanceStream,57.35028899627413,0.0
appearing-minority,4,periodic,improved_OOB,51.634303163973506,0.0
appearing-minority,4,periodic,WEOB1,51.596398931809176,0.0
appearing-minority,4,periodic,CSMOTE,51.43871180670586,0.0
appearing-minority,4,periodic,OOB,51.63162283798529,0.0
appearing-minority,4,periodic,ESOS_ELM,50.0,0.0
appearing-minority,4,periodic,improved_UOB,51.50075814020251,0.0
appearing-minority,4,periodic,WEOB2,51.45388630117905,0.0
appearing-minority,4,periodic,UOB,51.43408177164529,0.0
appearing-minority,4,periodic,RebalanceStream,50.98082108613586,0.0
appearing-clusters,1,incremental,improved_OOB,67.33603414957295,0.0
appearing-clusters,1,incremental,WEOB1,67.59485642265005,0.0
appearing-clusters,1,incremental,CSMOTE,66.20156798566568,1.4210854715202004e-14
appearing-clusters,1,incremental,OOB,67.70393741368402,0.0
appearing-clusters,1,incremental,ESOS_ELM,61.20989589513723,0.25552334907189256
appearing-clusters,1,incremental,improved_UOB,67.30974533508973,0.0
appearing-clusters,1,incremental,WEOB2,66.718707308034,1.4210854715202004e-14
appearing-clusters,1,incremental,UOB,67.21483903082148,1.4210854715202004e-14
appearing-clusters,1,incremental,RebalanceStream,62.835546048824234,7.105427357601002e-15
appearing-clusters,1,sudden,improved_OOB,67.60891207312916,1.4210854715202004e-14
appearing-clusters,1,sudden,WEOB1,67.64921550885296,0.0
appearing-clusters,1,sudden,CSMOTE,66.25003612010536,1.4210854715202004e-14
appearing-clusters,1,sudden,OOB,67.62124742339435,0.0
appearing-clusters,1,sudden,ESOS_ELM,61.04654408010614,0.2605365732761579
appearing-clusters,1,sudden,improved_UOB,67.28489872148899,0.0
appearing-clusters,1,sudden,WEOB2,66.3217795727713,0.0
appearing-clusters,1,sudden,UOB,67.1305999173028,0.0
appearing-clusters,1,sudden,RebalanceStream,62.81365013232911,7.105427357601002e-15
appearing-clusters,1,periodic,improved_OOB,69.28727245343258,0.0
appearing-clusters,1,periodic,WEOB1,69.26982103489897,1.4210854715202004e-14
appearing-clusters,1,periodic,CSMOTE,68.59020083204396,0.0
appearing-clusters,1,periodic,OOB,69.2913314538531,0.0
appearing-clusters,1,periodic,ESOS_ELM,62.69668193839377,0.07305802777176246
appearing-clusters,1,periodic,improved_UOB,68.97842610185774,0.0
appearing-clusters,1,periodic,WEOB2,68.83547771741755,0.0
appearing-clusters,1,periodic,UOB,68.90789055622326,0.0
appearing-clusters,1,periodic,RebalanceStream,64.119624470187,0.0
appearing-clusters,2,incremental,improved_OOB,68.1520114095134,0.0
appearing-clusters,2,incremental,WEOB1,68.09826337321104,0.0
appearing-clusters,2,incremental,CSMOTE,67.37353711594442,1.4210854715202004e-14
appearing-clusters,2,incremental,OOB,68.23458809986388,0.0
appearing-clusters,2,incremental,ESOS_ELM,61.047532598298325,0.3979491712269981
appearing-clusters,2,incremental,improved_UOB,67.76485031532111,1.4210854715202004e-14
appearing-clusters,2,incremental,WEOB2,67.57856425213632,1.4210854715202004e-14
appearing-clusters,2,incremental,UOB,67.64929689907919,1.4210854715202004e-14
appearing-clusters,2,incremental,RebalanceStream,66.52275770165889,0.0
appearing-clusters,2,sudden,improved_OOB,68.02839664426776,0.0
appearing-clusters,2,sudden,WEOB1,68.04734867748788,0.0
appearing-clusters,2,sudden,CSMOTE,67.09079567609663,0.0
appearing-clusters,2,sudden,OOB,68.13619106757918,0.0
appearing-clusters,2,sudden,ESOS_ELM,61.04266082261056,0.21215266861130586
appearing-clusters,2,sudden,improved_UOB,67.76877273634719,0.0
appearing-clusters,2,sudden,WEOB2,67.47670744735606,0.0
appearing-clusters,2,sudden,UOB,67.57299967298532,1.4210854715202004e-14
appearing-clusters,2,sudden,RebalanceStream,65.88798286383135,0.0
appearing-clusters,2,periodic,improved_OOB,69.41766595464676,1.4210854715202004e-14
appearing-clusters,2,periodic,WEOB1,69.35862148596469,0.0
appearing-clusters,2,periodic,CSMOTE,69.23521651871008,1.4210854715202004e-14
appearing-clusters,2,periodic,OOB,69.41447654574617,0.0
appearing-clusters,2,periodic,ESOS_ELM,62.726612022904916,0.10778607999966575
appearing-clusters,2,periodic,improved_UOB,69.21677709673169,0.0
appearing-clusters,2,periodic,WEOB2,69.06911756883116,1.4210854715202004e-14
appearing-clusters,2,periodic,UOB,69.08532088237384,0.0
appearing-clusters,2,periodic,RebalanceStream,68.39868427444947,0.0
appearing-clusters,3,incremental,improved_OOB,68.19920457086933,1.4210854715202004e-14
appearing-clusters,3,incremental,WEOB1,68.16312037932401,0.0
appearing-clusters,3,incremental,CSMOTE,67.65166484279504,0.0
appearing-clusters,3,incremental,OOB,68.25912254731779,1.4210854715202004e-14
appearing-clusters,3,incremental,ESOS_ELM,61.036502748698275,0.3781199930623975
appearing-clusters,3,incremental,improved_UOB,67.96976578105092,0.0
appearing-clusters,3,incremental,WEOB2,67.93658806772218,1.4210854715202004e-14
appearing-clusters,3,incremental,UOB,68.01898610548633,0.0
appearing-clusters,3,incremental,RebalanceStream,67.54049461129416,1.4210854715202004e-14
appearing-clusters,3,sudden,improved_OOB,68.05094361263528,1.4210854715202004e-14
appearing-clusters,3,sudden,WEOB1,68.01093296257082,0.0
appearing-clusters,3,sudden,CSMOTE,67.5246477480404,0.0
appearing-clusters,3,sudden,OOB,68.1101958065544,1.4210854715202004e-14
appearing-clusters,3,sudden,ESOS_ELM,60.883111898634375,0.3387124664427511
appearing-clusters,3,sudden,improved_UOB,67.86287328178966,1.4210854715202004e-14
appearing-clusters,3,sudden,WEOB2,67.74677081325453,0.0
appearing-clusters,3,sudden,UOB,67.96181002175273,0.0
appearing-clusters,3,sudden,RebalanceStream,67.50894376494622,0.0
appearing-clusters,3,periodic,improved_OOB,69.32944832957256,1.4210854715202004e-14
appearing-clusters,3,periodic,WEOB1,69.2793555469469,0.0
appearing-clusters,3,periodic,CSMOTE,69.26387183379384,0.0
appearing-clusters,3,periodic,OOB,69.3136856494198,0.0
appearing-clusters,3,periodic,ESOS_ELM,62.714232447730936,0.09352938136165256
appearing-clusters,3,periodic,improved_UOB,69.18624579703081,1.4210854715202004e-14
appearing-clusters,3,periodic,WEOB2,69.15083560300764,0.0
appearing-clusters,3,periodic,UOB,69.3136856494198,0.0
appearing-clusters,3,periodic,RebalanceStream,69.07685300562619,1.4210854715202004e-14
appearing-clusters,4,incremental,improved_OOB,68.19612809841736,0.0
appearing-clusters,4,incremental,WEOB1,68.15314889076595,0.0
appearing-clusters,4,incremental,CSMOTE,67.84368795034109,0.0
appearing-clusters,4,incremental,OOB,68.2901301932044,0.0
appearing-clusters,4,incremental,ESOS_ELM,61.34100107529407,0.2872569299906959
appearing-clusters,4,incremental,improved_UOB,68.07775579657927,0.0
appearing-clusters,4,incremental,WEOB2,68.02671078649998,0.0
appearing-clusters,4,incremental,UOB,68.20189973558664,1.4210854715202004e-14
appearing-clusters,4,incremental,RebalanceStream,68.1018484475222,0.0
appearing-clusters,4,sudden,improved_OOB,68.07852387190806,1.4210854715202004e-14
appearing-clusters,4,sudden,WEOB1,68.05149422255177,1.4210854715202004e-14
appearing-clusters,4,sudden,CSMOTE,67.76094289978712,1.4210854715202004e-14
appearing-clusters,4,sudden,OOB,68.20621384763923,0.0
appearing-clusters,4,sudden,ESOS_ELM,61.15779861007096,0.22057117530986445
appearing-clusters,4,sudden,improved_UOB,67.9662213906253,0.0
appearing-clusters,4,sudden,WEOB2,67.91958529920814,0.0
appearing-clusters,4,sudden,UOB,68.1146193405034,0.0
appearing-clusters,4,sudden,RebalanceStream,67.79793602507915,0.0
appearing-clusters,4,periodic,improved_OOB,69.28361297481624,0.0
appearing-clusters,4,periodic,WEOB1,69.26277995236612,0.0
appearing-clusters,4,periodic,CSMOTE,69.28706315492846,0.0
appearing-clusters,4,periodic,OOB,69.33484819737518,0.0
appearing-clusters,4,periodic,ESOS_ELM,62.7919792536869,0.09545759108365263
appearing-clusters,4,periodic,improved_UOB,69.24321836107558,1.4210854715202004e-14
appearing-clusters,4,periodic,WEOB2,69.1904011170383,0.0
appearing-clusters,4,periodic,UOB,69.32526456459546,1.4210854715202004e-14
appearing-clusters,4,periodic,RebalanceStream,69.27769641256404,0.0
shapeshift,1,incremental,improved_OOB,65.77237424856544,1.4210854715202004e-14
shapeshift,1,incremental,WEOB1,65.88912076504445,1.4210854715202004e-14
shapeshift,1,incremental,CSMOTE,63.459174687001926,0.0
shapeshift,1,incremental,OOB,65.95827393698009,1.4210854715202004e-14
shapeshift,1,incremental,ESOS_ELM,60.99257688457885,0.07634882673449941
shapeshift,1,incremental,improved_UOB,64.44748913003704,0.0
shapeshift,1,incremental,WEOB2,64.26703208451609,1.4210854715202004e-14
shapeshift,1,incremental,UOB,64.57753186338832,0.0
shapeshift,1,incremental,RebalanceStream,55.060305920497704,0.0
shapeshift,1,sudden,improved_OOB,65.74375707413343,0.0
shapeshift,1,sudden,WEOB1,65.93146952346504,0.0
shapeshift,1,sudden,CSMOTE,63.43493209263637,0.0
shapeshift,1,sudden,OOB,65.97054761576831,0.0
shapeshift,1,sudden,ESOS_ELM,61.0106258887959,0.08726450700421373
shapeshift,1,sudden,improved_UOB,64.52425586423182,0.0
shapeshift,1,sudden,WEOB2,64.04578675263683,1.4210854715202004e-14
shapeshift,1,sudden,UOB,64.41281422634857,0.0
shapeshift,1,sudden,RebalanceStream,55.14708171363427,0.0
shapeshift,1,periodic,improved_OOB,65.85906213310452,1.4210854715202004e-14
shapeshift,1,periodic,WEOB1,66.0686387322356,0.0
shapeshift,1,periodic,CSMOTE,64.2728703202492,1.4210854715202004e-14
shapeshift,1,periodic,OOB,66.05612013096717,0.0
shapeshift,1,periodic,ESOS_ELM,60.579556639668944,0.22309179023796402
shapeshift,1,periodic,improved_UOB,64.69194943426051,1.4210854715202004e-14
shapeshift,1,periodic,WEOB2,64.41579302275025,0.0
shapeshift,1,periodic,UOB,64.69741680212407,0.0
shapeshift,1,periodic,RebalanceStream,55.15921801729756,0.0
shapeshift,2,incremental,improved_OOB,66.16842845165829,1.4210854715202004e-14
shapeshift,2,incremental,WEOB1,66.06170376507427,0.0
shapeshift,2,incremental,CSMOTE,65.29479509160862,0.0
shapeshift,2,incremental,OOB,66.36079747987114,0.0
shapeshift,2,incremental,ESOS_ELM,61.13364919932428,0.06331915588735965
shapeshift,2,incremental,improved_UOB,65.32419598657751,0.0
shapeshift,2,incremental,WEOB2,65.0561989443249,0.0
shapeshift,2,incremental,UOB,65.06637844022376,0.0
shapeshift,2,incremental,RebalanceStream,61.35881929066918,0.0
shapeshift,2,sudden,improved_OOB,66.16367298730859,0.0
shapeshift,2,sudden,WEOB1,66.03553599906078,0.0
shapeshift,2,sudden,CSMOTE,65.255539328357,0.0
shapeshift,2,sudden,OOB,66.37523810268681,0.0
shapeshift,2,sudden,ESOS_ELM,60.92489407562628,0.09814435333161958
shapeshift,2,sudden,improved_UOB,65.26381752236534,0.0
shapeshift,2,sudden,WEOB2,64.95289865957014,0.0
shapeshift,2,sudden,UOB,65.02471079618752,0.0
shapeshift,2,sudden,RebalanceStream,61.34363971606935,0.0
shapeshift,2,periodic,improved_OOB,66.21329464476855,0.0
shapeshift,2,periodic,WEOB1,66.17576922323418,0.0
shapeshift,2,periodic,CSMOTE,65.18830062261097,1.4210854715202004e-14
shapeshift,2,periodic,OOB,66.4960853574364,0.0
shapeshift,2,periodic,ESOS_ELM,60.454476379509,0.12247688823980554
shapeshift,2,periodic,improved_UOB,65.4372472406096,0.0
shapeshift,2,periodic,WEOB2,65.26441176480168,0.0
shapeshift,2,periodic,UOB,65.25579353204316,1.4210854715202004e-14
shapeshift,2,periodic,RebalanceStream,61.68613924009511,0.0
shapeshift,3,incremental,improved_OOB,66.3200902904487,1.4210854715202004e-14
shapeshift,3,incremental,WEOB1,66.16926787293656,0.0
shapeshift,3,incremental,CSMOTE,65.5759228611939,1.4210854715202004e-14
shapeshift,3,incremental,OOB,66.36939313071977,0.0
shapeshift,3,incremental,ESOS_ELM,61.09427307670683,0.09923908457663004
shapeshift,3,incremental,improved_UOB,65.7731618108742,0.0
shapeshift,3,incremental,WEOB2,65.57492866696506,0.0
shapeshift,3,incremental,UOB,65.50466139707211,0.0
shapeshift,3,incremental,RebalanceStream,64.56946321898457,0.0
shapeshift,3,sudden,improved_OOB,66.30073048316208,0.0
shapeshift,3,sudden,WEOB1,66.15584418825551,0.0
shapeshift,3,sudden,CSMOTE,65.56451021539363,0.0
shapeshift,3,sudden,OOB,66.35996620771462,0.0
shapeshift,3,sudden,ESOS_ELM,60.98885752253691,0.09615605536496862
shapeshift,3,sudden,improved_UOB,65.74440197024026,1.4210854715202004e-14
shapeshift,3,sudden,WEOB2,65.68043224762849,0.0
shapeshift,3,sudden,UOB,65.43564837579187,0.0
shapeshift,3,sudden,RebalanceStream,64.68186621603627,0.0
shapeshift,3,periodic,improved_OOB,66.29730191596435,0.0
shapeshift,3,periodic,WEOB1,66.15456688799864,0.0
shapeshift,3,periodic,CSMOTE,65.50166257818759,0.0
shapeshift,3,periodic,OOB,66.2496339192404,0.0
shapeshift,3,periodic,ESOS_ELM,60.36971420794599,0.20469914712124063
shapeshift,3,periodic,improved_UOB,65.6801620688219,0.0
shapeshift,3,periodic,WEOB2,65.54690724990998,0.0
shapeshift,3,periodic,UOB,65.34982267585237,0.0
shapeshift,3,periodic,RebalanceStream,64.87350269524818,1.4210854715202004e-14
shapeshift,4,incremental,improved_OOB,66.24187435309014,0.0
shapeshift,4,incremental,WEOB1,66.15403203597508,0.0
shapeshift,4,incremental,CSMOTE,65.48258907483778,1.4210854715202004e-14
shapeshift,4,incremental,OOB,65.99683191760161,1.4210854715202004e-14
shapeshift,4,incremental,ESOS_ELM,60.88436608643519,0.09823286417747583
shapeshift,4,incremental,improved_UOB,65.8407553412072,0.0
shapeshift,4,incremental,WEOB2,65.5948010892192,0.0
shapeshift,4,incremental,UOB,65.99683191760161,1.4210854715202004e-14
shapeshift,4,incremental,RebalanceStream,65.69416378641867,1.4210854715202004e-14
shapeshift,4,sudden,improved_OOB,66.13839787180554,0.0
shapeshift,4,sudden,WEOB1,66.0887843920921,0.0
shapeshift,4,sudden,CSMOTE,65.37228044275369,1.4210854715202004e-14
shapeshift,4,sudden,OOB,65.95708884176311,1.4210854715202004e-14
shapeshift,4,sudden,ESOS_ELM,60.830388655735874,0.0800585272903418
shapeshift,4,sudden,improved_UOB,65.82926017415514,0.0
shapeshift,4,sudden,WEOB2,65.59113134758528,0.0
shapeshift,4,sudden,UOB,65.95708884176311,1.4210854715202004e-14
shapeshift,4,sudden,RebalanceStream,65.5206388818976,1.4210854715202004e-14
shapeshift,4,periodic,improved_OOB,66.25657999156341,0.0
shapeshift,4,periodic,WEOB1,66.1493595355654,0.0
shapeshift,4,periodic,CSMOTE,65.48619171882288,0.0
shapeshift,4,periodic,OOB,65.92813919003493,0.0
shapeshift,4,periodic,ESOS_ELM,60.32018097068294,0.26245977664053904
shapeshift,4,periodic,improved_UOB,65.75981805052831,1.4210854715202004e-14
shapeshift,4,periodic,WEOB2,65.53540617860202,1.4210854715202004e-14
shapeshift,4,periodic,UOB,65.92813919003493,0.0
shapeshift,4,periodic,RebalanceStream,65.81251548094772,1.4210854715202004e-14
minority-share,1,incremental,improved_OOB,66.188071566388,0.0
minority-share,1,incremental,WEOB1,66.50401568290758,1.4210854715202004e-14
minority-share,1,incremental,CSMOTE,62.87985510988765,0.0
minority-share,1,incremental,OOB,66.30257015968888,0.0
minority-share,1,incremental,ESOS_ELM,60.995662413680506,0.19221775032636976
minority-share,1,incremental,improved_UOB,64.92602867982232,1.4210854715202004e-14
minority-share,1,incremental,WEOB2,64.62870231029162,0.0
minority-share,1,incremental,UOB,64.92733849695172,0.0
minority-share,1,incremental,RebalanceStream,51.58958922078405,0.0
minority-share,1,sudden,improved_OOB,66.42866921762786,1.4210854715202004e-14
minority-share,1,sudden,WEOB1,66.61504026123023,0.0
minority-share,1,sudden,CSMOTE,64.59410930238302,0.0
minority-share,1,sudden,OOB,66.52283782105232,1.4210854715202004e-14
minority-share,1,sudden,ESOS_ELM,60.82546109427233,0.13268981268912688
minority-share,1,sudden,improved_UOB,64.90201323902997,0.0
minority-share,1,sudden,WEOB2,64.53170550395251,1.4210854715202004e-14
minority-share,1,sudden,UOB,64.84498407104499,0.0
minority-share,1,sudden,RebalanceStream,55.165443585640205,0.0
minority-share,1,periodic,improved_OOB,58.64992955731562,7.105427357601002e-15
minority-share,1,periodic,WEOB1,58.759568879258026,0.0
minority-share,1,periodic,CSMOTE,56.925570291702215,0.0
minority-share,1,periodic,OOB,58.704736251827185,0.0
minority-share,1,periodic,ESOS_ELM,54.64711865062198,0.07198206024073385
minority-share,1,periodic,improved_UOB,57.676288496695314,0.0
minority-share,1,periodic,WEOB2,57.62809840139223,0.0
minority-share,1,periodic,UOB,57.62628321675403,0.0
minority-share,1,periodic,RebalanceStream,50.22614077880404,0.0
minority-share,2,incremental,improved_OOB,66.28638362073136,0.0
minority-share,2,incremental,WEOB1,66.4748405813825,1.4210854715202004e-14
minority-share,2,incremental,CSMOTE,64.75173081436037,0.0
minority-share,2,incremental,OOB,66.47256034546771,0.0
minority-share,2,incremental,ESOS_ELM,60.9252672898855,0.1326487388157743
minority-share,2,incremental,improved_UOB,65.84390957787102,0.0
minority-share,2,incremental,WEOB2,65.58649308061953,0.0
minority-share,2,incremental,UOB,65.60706127085824,0.0
minority-share,2,incremental,RebalanceStream,55.44776415708897,0.0
minority-share,2,sudden,improved_OOB,66.68399325678861,1.4210854715202004e-14
minority-share,2,sudden,WEOB1,66.60759419048858,1.4210854715202004e-14
minority-share,2,sudden,CSMOTE,66.24624314101632,0.0
minority-share,2,sudden,OOB,66.87528207677953,0.0
minority-share,2,sudden,ESOS_ELM,60.908943321196865,0.12226338302767426
minority-share,2,sudden,improved_UOB,65.83135087569484,0.0
minority-share,2,sudden,WEOB2,65.56690948902835,0.0
minority-share,2,sudden,UOB,65.55998610588736,1.4210854715202004e-14
minority-share,2,sudden,RebalanceStream,61.367237461811214,0.0
minority-share,2,periodic,improved_OOB,58.7521017771468,0.0
minority-share,2,periodic,WEOB1,58.728302496099765,0.0
minority-share,2,periodic,CSMOTE,57.87323958157955,7.105427357601002e-15
minority-share,2,periodic,OOB,58.93427265865726,0.0
minority-share,2,periodic,ESOS_ELM,54.644057010068686,0.042773485523547705
minority-share,2,periodic,improved_UOB,58.13923489265502,7.105427357601002e-15
minority-share,2,periodic,WEOB2,57.96493679909632,0.0
minority-share,2,periodic,UOB,57.95838247773033,0.0
minority-share,2,periodic,RebalanceStream,54.19322338510729,0.0
minority-share,3,incremental,improved_OOB,66.23548413266056,0.0
minority-share,3,incremental,WEOB1,66.65742924970675,0.0
minority-share,3,incremental,CSMOTE,65.96159780048994,0.0
minority-share,3,incremental,OOB,66.36099657678724,0.0
minority-share,3,incremental,ESOS_ELM,60.97757794971322,0.19618466274940038
minority-share,3,incremental,improved_UOB,66.40150984651765,1.4210854715202004e-14
minority-share,3,incremental,WEOB2,66.11435703613395,0.0
minority-share,3,incremental,UOB,66.02210007591313,0.0
minority-share,3,incremental,RebalanceStream,62.261433105471006,0.0
minority-share,3,sudden,improved_OOB,66.85873413411957,0.0
minority-share,3,sudden,WEOB1,66.73432077315724,1.4210854715202004e-14
minority-share,3,sudden,CSMOTE,66.52558362522265,0.0
minority-share,3,sudden,OOB,66.84851957791042,1.4210854715202004e-14
minority-share,3,sudden,ESOS_ELM,60.99002934235176,0.15086355102228954
minority-share,3,sudden,improved_UOB,66.37142842449433,0.0
minority-share,3,sudden,WEOB2,66.0836771025063,0.0
minority-share,3,sudden,UOB,65.94069538554561,0.0
minority-share,3,sudden,RebalanceStream,65.07026895779009,0.0
minority-share,3,periodic,improved_OOB,58.903306035249116,0.0
minority-share,3,periodic,WEOB1,58.84139657467286,7.105427357601002e-15
minority-share,3,periodic,CSMOTE,58.3001817076737,0.0
minority-share,3,periodic,OOB,58.77584916087975,7.105427357601002e-15
minority-share,3,periodic,ESOS_ELM,54.61085304528351,0.04740685135335315
minority-share,3,periodic,improved_UOB,58.55483650438849,0.0
minority-share,3,periodic,WEOB2,58.338285066658514,0.0
minority-share,3,periodic,UOB,58.21752070557218,0.0
minority-share,3,periodic,RebalanceStream,56.36696712033129,0.0
minority-share,4,incremental,improved_OOB,66.31139439061016,1.4210854715202004e-14
minority-share,4,incremental,WEOB1,66.60419812277279,0.0
minority-share,4,incremental,CSMOTE,66.07749913957267,0.0
minority-share,4,incremental,OOB,66.05236806797606,0.0
minority-share,4,incremental,ESOS_ELM,60.914903700848456,0.2781007087191408
minority-share,4,incremental,improved_UOB,66.42913793350206,0.0
minority-share,4,incremental,WEOB2,66.09685490408174,0.0
minority-share,4,incremental,UOB,66.0467808597173,1.4210854715202004e-14
minority-share,4,incremental,RebalanceStream,63.590830319459506,7.105427357601002e-15
minority-share,4,sudden,improved_OOB,66.74752374943276,0.0
minority-share,4,sudden,WEOB1,66.6883262778804,0.0
minority-share,4,sudden,CSMOTE,66.65735141663717,0.0
minority-share,4,sudden,OOB,66.60778934230697,1.4210854715202004e-14
minority-share,4,sudden,ESOS_ELM,60.80851613544379,0.21819448306177522
minority-share,4,sudden,improved_UOB,66.37114619788451,0.0
minority-share,4,sudden,WEOB2,66.03988676346913,1.4210854715202004e-14
minority-share,4,sudden,UOB,66.60778934230697,1.4210854715202004e-14
minority-share,4,sudden,RebalanceStream,66.1503913027684,0.0
minority-share,4,periodic,improved_OOB,58.628077734693,7.105427357601002e-15
minority-share,4,periodic,WEOB1,58.76135648950335,0.0
minority-share,4,periodic,CSMOTE,58.35332408915493,0.0
minority-share,4,periodic,OOB,58.62214167296545,0.0
minority-share,4,periodic,ESOS_ELM,54.54543276402865,0.08322479049497954
minority-share,4,periodic,improved_UOB,58.54067921337777,0.0
minority-share,4,periodic,WEOB2,58.30259743758275,1.4210854715202004e-14
minority-share,4,periodic,UOB,58.59290097606887,0.0
minority-share,4,periodic,RebalanceStream,57.368968287876555,0.0
splitting-clusters,1,incremental,improved_OOB,66.94667140901967,0.0
splitting-clusters,1,incremental,WEOB1,67.38850294645154,1.4210854715202004e-14
splitting-clusters,1,incremental,CSMOTE,64.61928388830397,1.4210854715202004e-14
splitting-clusters,1,incremental,OOB,67.34258315694845,1.4210854715202004e-14
splitting-clusters,1,incremental,ESOS_ELM,61.58717467612119,0.17243972508215438
splitting-clusters,1,incremental,improved_UOB,67.18574436093404,1.4210854715202004e-14
splitting-clusters,1,incremental,WEOB2,66.74538455304977,1.4210854715202004e-14
splitting-clusters,1,incremental,UOB,66.95352815860348,0.0
splitting-clusters,1,incremental,RebalanceStream,61.079343186302104,0.0
splitting-clusters,1,sudden,improved_OOB,66.93844590173991,0.0
splitting-clusters,1,sudden,WEOB1,66.99417724560747,0.0
splitting-clusters,1,sudden,CSMOTE,64.87284410133911,1.4210854715202004e-14
splitting-clusters,1,sudden,OOB,67.25797311567877,1.4210854715202004e-14
splitting-clusters,1,sudden,ESOS_ELM,60.80263792667139,0.27423011083043697
splitting-clusters,1,sudden,improved_UOB,66.34449650701434,0.0
splitting-clusters,1,sudden,WEOB2,66.03227789368123,0.0
splitting-clusters,1,sudden,UOB,65.57606866808034,0.0
splitting-clusters,1,sudden,RebalanceStream,61.93873334543523,0.0
splitting-clusters,1,periodic,improved_OOB,68.05606463812117,0.0
splitting-clusters,1,periodic,WEOB1,68.24602863262655,0.0
splitting-clusters,1,periodic,CSMOTE,67.19511313361478,0.0
splitting-clusters,1,periodic,OOB,68.19374214203927,0.0
splitting-clusters,1,periodic,ESOS_ELM,62.7210109451353,0.0526300415248979
splitting-clusters,1,periodic,improved_UOB,68.16024301169269,1.4210854715202004e-14
splitting-clusters,1,periodic,WEOB2,68.15373813517003,1.4210854715202004e-14
splitting-clusters,1,periodic,UOB,68.0819587882481,0.0
splitting-clusters,1,periodic,RebalanceStream,63.775406626998766,0.0
splitting-clusters,2,incremental,improved_OOB,67.65791001244267,0.0
splitting-clusters,2,incremental,WEOB1,67.75038294067805,0.0
splitting-clusters,2,incremental,CSMOTE,66.51838315572385,0.0
splitting-clusters,2,incremental,OOB,67.73887352274754,0.0
splitting-clusters,2,incremental,ESOS_ELM,61.53954787897153,0.18265584883293184
splitting-clusters,2,incremental,improved_UOB,67.58026616130576,0.0
splitting-clusters,2,incremental,WEOB2,67.37025310028969,0.0
splitting-clusters,2,incremental,UOB,67.59401720811573,1.4210854715202004e-14
splitting-clusters,2,incremental,RebalanceStream,65.02142028399581,0.0
splitting-clusters,2,sudden,improved_OOB,67.62529714779919,0.0
splitting-clusters,2,sudden,WEOB1,67.5767919373171,0.0
splitting-clusters,2,sudden,CSMOTE,66.06921266060208,1.4210854715202004e-14
splitting-clusters,2,sudden,OOB,67.75545250655355,1.4210854715202004e-14
splitting-clusters,2,sudden,ESOS_ELM,60.91013968643773,0.15080485386830655
splitting-clusters,2,sudden,improved_UOB,67.26637093687755,1.4210854715202004e-14
splitting-clusters,2,sudden,WEOB2,66.71698913601924,0.0
splitting-clusters,2,sudden,UOB,67.08056564239043,0.0
splitting-clusters,2,sudden,RebalanceStream,65.47279626028585,1.4210854715202004e-14
splitting-clusters,2,periodic,improved_OOB,68.39659167894038,1.4210854715202004e-14
splitting-clusters,2,periodic,WEOB1,68.42040117240809,0.0
splitting-clusters,2,periodic,CSMOTE,67.83682028248082,1.4210854715202004e-14
splitting-clusters,2,periodic,OOB,68.46076811030704,0.0
splitting-clusters,2,periodic,ESOS_ELM,62.73800764635574,0.066681144388993
splitting-clusters,2,periodic,improved_UOB,68.18408692045702,1.4210854715202004e-14
splitting-clusters,2,periodic,WEOB2,68.22905782040422,1.4210854715202004e-14
splitting-clusters,2,periodic,UOB,68.21356212902461,0.0
splitting-clusters,2,periodic,RebalanceStream,66.76452305165206,0.0
splitting-clusters,3,incremental,improved_OOB,67.89781312042227,0.0
splitting-clusters,3,incremental,WEOB1,67.88491763669381,0.0
splitting-clusters,3,incremental,CSMOTE,67.2667206567378,0.0
splitting-clusters,3,incremental,OOB,67.61023609250012,0.0
splitting-clusters,3,incremental,ESOS_ELM,61.4608296696814,0.3306519337310418
splitting-clusters,3,incremental,improved_UOB,67.73086057859915,0.0
splitting-clusters,3,incremental,WEOB2,67.60500274353231,0.0
splitting-clusters,3,incremental,UOB,67.00806070102952,0.0
splitting-clusters,3,incremental,RebalanceStream,66.85224709189,0.0
splitting-clusters,3,sudden,improved_OOB,67.66525271047398,0.0
splitting-clusters,3,sudden,WEOB1,67.64759361423796,0.0
splitting-clusters,3,sudden,CSMOTE,67.1948058372158,1.4210854715202004e-14
splitting-clusters,3,sudden,OOB,67.52664594297973,0.0
splitting-clusters,3,sudden,ESOS_ELM,61.17129867639967,0.2562698496489993
splitting-clusters,3,sudden,improved_UOB,67.45071232472421,1.4210854715202004e-14
splitting-clusters,3,sudden,WEOB2,67.39927502908904,0.0
splitting-clusters,3,sudden,UOB,67.0845847891895,0.0
splitting-clusters,3,sudden,RebalanceStream,66.8562733729668,0.0
splitting-clusters,3,periodic,improved_OOB,68.52381463055244,0.0
splitting-clusters,3,periodic,WEOB1,68.5065340366622,1.4210854715202004e-14
splitting-clusters,3,periodic,CSMOTE,68.11298691906327,1.4210854715202004e-14
splitting-clusters,3,periodic,OOB,68.26101422058396,1.4210854715202004e-14
splitting-clusters,3,periodic,ESOS_ELM,62.687780956715415,0.039429712301613955
splitting-clusters,3,periodic,improved_UOB,68.34226046560278,0.0
splitting-clusters,3,periodic,WEOB2,68.36068292708255,1.4210854715202004e-14
splitting-clusters,3,periodic,UOB,68.10491681904396,0.0
splitting-clusters,3,periodic,RebalanceStream,67.82088020219429,0.0
splitting-clusters,4,incremental,improved_OOB,67.817888321582,0.0
splitting-clusters,4,incremental,WEOB1,67.81373817109895,1.4210854715202004e-14
splitting-clusters,4,incremental,CSMOTE,67.28560628260252,0.0
splitting-clusters,4,incremental,OOB,67.71367342751896,1.4210854715202004e-14
splitting-clusters,4,incremental,ESOS_ELM,61.53844941973186,0.2846779675559284
splitting-clusters,4,incremental,improved_UOB,67.75667268891902,0.0
splitting-clusters,4,incremental,WEOB2,67.69622834180811,1.4210854715202004e-14
splitting-clusters,4,incremental,UOB,67.07518569061924,1.4210854715202004e-14
splitting-clusters,4,incremental,RebalanceStream,67.5003932081784,1.4210854715202004e-14
splitting-clusters,4,sudden,improved_OOB,67.75684130654824,1.4210854715202004e-14
splitting-clusters,4,sudden,WEOB1,67.76011276164687,1.4210854715202004e-14
splitting-clusters,4,sudden,CSMOTE,67.39962662809447,1.4210854715202004e-14
splitting-clusters,4,sudden,OOB,67.69696517419074,0.0
splitting-clusters,4,sudden,ESOS_ELM,60.952961069674735,0.3726801859916117
splitting-clusters,4,sudden,improved_UOB,67.66819228920507,0.0
splitting-clusters,4,sudden,WEOB2,67.51577907570585,0.0
splitting-clusters,4,sudden,UOB,67.55469146576505,0.0
splitting-clusters,4,sudden,RebalanceStream,67.481067282169,0.0
splitting-clusters,4,periodic,improved_OOB,68.46795048954547,0.0
splitting-clusters,4,periodic,WEOB1,68.5538924848305,0.0
splitting-clusters,4,periodic,CSMOTE,68.3620128180601,1.4210854715202004e-14
splitting-clusters,4,periodic,OOB,68.44181526007594,0.0
splitting-clusters,4,periodic,ESOS_ELM,62.795797834009285,0.034940615671830134
splitting-clusters,4,periodic,improved_UOB,68.48139277118466,1.4210854715202004e-14
splitting-clusters,4,periodic,WEOB2,68.44129158407256,0.0
splitting-clusters,4,periodic,UOB,68.33822770703236,0.0
splitting-clusters,4,periodic,RebalanceStream,68.30898705066282,0.0
clusters-movement,1,incremental,improved_OOB,65.30459578535665,1.4210854715202004e-14
clusters-movement,1,incremental,WEOB1,65.35525393448094,0.0
clusters-movement,1,incremental,CSMOTE,59.40571963544638,7.105427357601002e-15
clusters-movement,1,incremental,OOB,65.59220484415326,0.0
clusters-movement,1,incremental,ESOS_ELM,61.191206974869104,0.13713343147209503
clusters-movement,1,incremental,improved_UOB,63.03429045447668,7.105427357601002e-15
clusters-movement,1,incremental,WEOB2,61.75582024773771,0.0
clusters-movement,1,incremental,UOB,63.010162645357454,0.0
clusters-movement,1,incremental,RebalanceStream,54.937654098128405,0.0
clusters-movement,1,sudden,improved_OOB,64.25761620768102,0.0
clusters-movement,1,sudden,WEOB1,64.27623703536428,0.0
clusters-movement,1,sudden,CSMOTE,58.174361494256836,7.105427357601002e-15
clusters-movement,1,sudden,OOB,65.04064489143953,1.4210854715202004e-14
clusters-movement,1,sudden,ESOS_ELM,58.68037519720785,0.42505576496573116
clusters-movement,1,sudden,improved_UOB,61.30193617748174,7.105427357601002e-15
clusters-movement,1,sudden,WEOB2,60.62147393678924,0.0
clusters-movement,1,sudden,UOB,60.03352435116402,0.0
clusters-movement,1,sudden,RebalanceStream,53.81195076866595,0.0
clusters-movement,1,periodic,improved_OOB,64.8029160482239,0.0
clusters-movement,1,periodic,WEOB1,65.19868780664021,0.0
clusters-movement,1,periodic,CSMOTE,63.073260027097184,0.0
clusters-movement,1,periodic,OOB,65.48615140690637,1.4210854715202004e-14
clusters-movement,1,periodic,ESOS_ELM,60.58572641332512,0.13116941231753726
clusters-movement,1,periodic,improved_UOB,63.4364314692019,0.0
clusters-movement,1,periodic,WEOB2,63.46446923024151,7.105427357601002e-15
clusters-movement,1,periodic,UOB,63.127654902892154,0.0
clusters-movement,1,periodic,RebalanceStream,51.9320609321163,0.0
clusters-movement,2,incremental,improved_OOB,65.92623724041486,1.4210854715202004e-14
clusters-movement,2,incremental,WEOB1,65.99018556080827,1.4210854715202004e-14
clusters-movement,2,incremental,CSMOTE,61.619796352869876,0.0
clusters-movement,2,incremental,OOB,66.21371285083492,0.0
clusters-movement,2,incremental,ESOS_ELM,61.11245907755425,0.17582938004911774
clusters-movement,2,incremental,improved_UOB,65.10052049869321,0.0
clusters-movement,2,incremental,WEOB2,62.99276775296494,0.0
clusters-movement,2,incremental,UOB,64.45947381885802,0.0
clusters-movement,2,incremental,RebalanceStream,60.45860467880092,7.105427357601002e-15
clusters-movement,2,sudden,improved_OOB,66.00169702318317,0.0
clusters-movement,2,sudden,WEOB1,65.89036014028821,1.4210854715202004e-14
clusters-movement,2,sudden,CSMOTE,60.37487859543431,0.0
clusters-movement,2,sudden,OOB,66.26180647836158,0.0
clusters-movement,2,sudden,ESOS_ELM,59.71995661646141,0.42893513841026826
clusters-movement,2,sudden,improved_UOB,64.40251378848518,0.0
clusters-movement,2,sudden,WEOB2,61.342511385300135,7.105427357601002e-15
clusters-movement,2,sudden,UOB,62.993763422338894,7.105427357601002e-15
clusters-movement,2,sudden,RebalanceStream,60.20400623937193,0.0
clusters-movement,2,periodic,improved_OOB,65.60645384590802,0.0
clusters-movement,2,periodic,WEOB1,65.44919906930878,1.4210854715202004e-14
clusters-movement,2,periodic,CSMOTE,64.6884063764649,1.4210854715202004e-14
clusters-movement,2,periodic,OOB,65.97321147446856,1.4210854715202004e-14
clusters-movement,2,periodic,ESOS_ELM,60.39933498731948,0.1788522357550737
clusters-movement,2,periodic,improved_UOB,64.09582494941887,0.0
clusters-movement,2,periodic,WEOB2,64.38109288460602,0.0
clusters-movement,2,periodic,UOB,63.85644970924064,0.0
clusters-movement,2,periodic,RebalanceStream,58.971191523832466,0.0
clusters-movement,3,incremental,improved_OOB,66.28185919744797,1.4210854715202004e-14
clusters-movement,3,incremental,WEOB1,66.07333419011283,0.0
clusters-movement,3,incremental,CSMOTE,62.31040255303692,1.4210854715202004e-14
clusters-movement,3,incremental,OOB,66.38445494595094,1.4210854715202004e-14
clusters-movement,3,incremental,ESOS_ELM,59.392164040015246,0.5395969717448612
clusters-movement,3,incremental,improved_UOB,65.2492813521769,0.0
clusters-movement,3,incremental,WEOB2,64.01199732431795,1.4210854715202004e-14
clusters-movement,3,incremental,UOB,64.57000591439609,0.0
clusters-movement,3,incremental,RebalanceStream,63.60723197783985,0.0
clusters-movement,3,sudden,improved_OOB,65.92402987027319,0.0
clusters-movement,3,sudden,WEOB1,65.82471679164078,1.4210854715202004e-14
clusters-movement,3,sudden,CSMOTE,61.848498658173376,7.105427357601002e-15
clusters-movement,3,sudden,OOB,66.14355318218716,0.0
clusters-movement,3,sudden,ESOS_ELM,59.81844691130611,0.5170725067758628
clusters-movement,3,sudden,improved_UOB,65.25447314443934,0.0
clusters-movement,3,sudden,WEOB2,61.655531553884074,0.0
clusters-movement,3,sudden,UOB,62.83653642622058,0.0
clusters-movement,3,sudden,RebalanceStream,60.61201689589242,7.105427357601002e-15
clusters-movement,3,periodic,improved_OOB,65.91999648206378,0.0
clusters-movement,3,periodic,WEOB1,65.68791115754938,0.0
clusters-movement,3,periodic,CSMOTE,65.31587185621807,1.4210854715202004e-14
clusters-movement,3,periodic,OOB,66.12671640216578,1.4210854715202004e-14
clusters-movement,3,periodic,ESOS_ELM,60.54451826815961,0.20894437675281768
clusters-movement,3,periodic,improved_UOB,65.00676123056803,0.0
clusters-movement,3,periodic,WEOB2,64.8814686052042,0.0
clusters-movement,3,periodic,UOB,64.57199954474022,1.4210854715202004e-14
clusters-movement,3,periodic,RebalanceStream,63.254365972762386,1.4210854715202004e-14
clusters-movement,4,incremental,improved_OOB,66.07261703861889,0.0
clusters-movement,4,incremental,WEOB1,65.9934573253386,0.0
clusters-movement,4,incremental,CSMOTE,63.129462555182066,0.0
clusters-movement,4,incremental,OOB,65.93174382432349,0.0
clusters-movement,4,incremental,ESOS_ELM,60.81769083487295,0.1647504208448108
clusters-movement,4,incremental,improved_UOB,65.42974429591388,1.4210854715202004e-14
clusters-movement,4,incremental,WEOB2,63.89960630851702,0.0
clusters-movement,4,incremental,UOB,65.26931847452785,0.0
clusters-movement,4,incremental,RebalanceStream,64.84708573333214,1.4210854715202004e-14
clusters-movement,4,sudden,improved_OOB,66.09418392277396,0.0
clusters-movement,4,sudden,WEOB1,65.9799839419359,0.0
clusters-movement,4,sudden,CSMOTE,62.37225384241435,0.0
clusters-movement,4,sudden,OOB,65.99030474521213,0.0
clusters-movement,4,sudden,ESOS_ELM,60.681113400128496,0.04288948345309176
clusters-movement,4,sudden,improved_UOB,65.52751422707027,0.0
clusters-movement,4,sudden,WEOB2,61.293739110688385,0.0
clusters-movement,4,sudden,UOB,64.45862898468769,0.0
clusters-movement,4,sudden,RebalanceStream,64.44805888186711,1.4210854715202004e-14
clusters-movement,4,periodic,improved_OOB,65.79215363938303,1.4210854715202004e-14
clusters-movement,4,periodic,WEOB1,65.6640427297417,0.0
clusters-movement,4,periodic,CSMOTE,65.3382469497258,0.0
clusters-movement,4,periodic,OOB,65.62421710969724,0.0
clusters-movement,4,periodic,ESOS_ELM,60.50100577714893,0.22712844663074877
clusters-movement,4,periodic,improved_UOB,65.05620818000685,0.0
clusters-movement,4,periodic,WEOB2,64.79627428502594,1.4210854715202004e-14
clusters-movement,4,periodic,UOB,65.05815146827834,0.0
clusters-movement,4,periodic,RebalanceStream,64.66204364744786,0.0
borderline,1,incremental,improved_OOB,66.847202599312,0.0
borderline,1,incremental,WEOB1,66.74309515761338,1.4210854715202004e-14
borderline,1,incremental,CSMOTE,64.28817632295443,0.0
borderline,1,incremental,OOB,66.93702414438027,1.4210854715202004e-14
borderline,1,incremental,ESOS_ELM,61.212910607231606,0.11696085200491231
borderline,1,incremental,improved_UOB,64.95916471219553,0.0
borderline,1,incremental,WEOB2,64.5694756472432,0.0
borderline,1,incremental,UOB,64.92109942520224,0.0
borderline,1,incremental,RebalanceStream,55.881637978764346,0.0
borderline,1,sudden,improved_OOB,66.7371981673601,0.0
borderline,1,sudden,WEOB1,66.58722641194825,0.0
borderline,1,sudden,CSMOTE,64.3168129697493,1.4210854715202004e-14
borderline,1,sudden,OOB,66.72945412892884,1.4210854715202004e-14
borderline,1,sudden,ESOS_ELM,60.99629458684187,0.11085996021645314
borderline,1,sudden,improved_UOB,64.8551728716378,0.0
borderline,1,sudden,WEOB2,64.37573556290548,0.0
borderline,1,sudden,UOB,64.69877786162274,1.4210854715202004e-14
borderline,1,sudden,RebalanceStream,55.824304494576054,0.0
borderline,1,periodic,improved_OOB,67.68065452912569,1.4210854715202004e-14
borderline,1,periodic,WEOB1,67.33932056599771,0.0
borderline,1,periodic,CSMOTE,64.90923335909471,1.4210854715202004e-14
borderline,1,periodic,OOB,67.68553626475418,0.0
borderline,1,periodic,ESOS_ELM,61.64668842393941,0.10967060242508646
borderline,1,periodic,improved_UOB,65.448472082645,0.0
borderline,1,periodic,WEOB2,64.96844508134407,0.0
borderline,1,periodic,UOB,65.36371993937021,1.4210854715202004e-14
borderline,1,periodic,RebalanceStream,56.80034261627641,0.0
borderline,2,incremental,improved_OOB,66.97388860992497,0.0
borderline,2,incremental,WEOB1,66.84311894120626,0.0
borderline,2,incremental,CSMOTE,66.21710349450953,1.4210854715202004e-14
borderline,2,incremental,OOB,67.05407576819422,0.0
borderline,2,incremental,ESOS_ELM,61.23541196531236,0.1130865322082741
borderline,2,incremental,improved_UOB,66.1010471845253,0.0
borderline,2,incremental,WEOB2,65.71129424284871,1.4210854715202004e-14
borderline,2,incremental,UOB,65.73576216959353,1.4210854715202004e-14
borderline,2,incremental,RebalanceStream,62.68051778322464,0.0
borderline,2,sudden,improved_OOB,66.74843885475897,1.4210854715202004e-14
borderline,2,sudden,WEOB1,66.57498580279488,0.0
borderline,2,sudden,CSMOTE,65.76091314388883,0.0
borderline,2,sudden,OOB,66.82441599158133,0.0
borderline,2,sudden,ESOS_ELM,61.13332923186861,0.08757963179634605
borderline,2,sudden,improved_UOB,65.72147965034586,1.4210854715202004e-14
borderline,2,sudden,WEOB2,65.45634520841057,0.0
borderline,2,sudden,UOB,65.4860037742454,0.0
borderline,2,sudden,RebalanceStream,62.211696028775954,0.0
borderline,2,periodic,improved_OOB,67.66911560298209,0.0
borderline,2,periodic,WEOB1,67.40855922876207,1.4210854715202004e-14
borderline,2,periodic,CSMOTE,66.67871231956539,0.0
borderline,2,periodic,OOB,67.69508747131796,0.0
borderline,2,periodic,ESOS_ELM,61.69523107464141,0.11081556225472987
borderline,2,periodic,improved_UOB,66.51183925961934,0.0
borderline,2,periodic,WEOB2,66.20870706346889,0.0
borderline,2,periodic,UOB,66.28054483658232,0.0
borderline,2,periodic,RebalanceStream,64.39349594434228,0.0
borderline,3,incremental,improved_OOB,67.08089872496136,0.0
borderline,3,incremental,WEOB1,66.91353533892756,0.0
borderline,3,incremental,CSMOTE,66.08753158140475,0.0
borderline,3,incremental,OOB,66.93204728730737,0.0
borderline,3,incremental,ESOS_ELM,61.1299097131601,0.11677707275782563
borderline,3,incremental,improved_UOB,66.5577953362255,0.0
borderline,3,incremental,WEOB2,66.30002435566186,1.4210854715202004e-14
borderline,3,incremental,UOB,66.13374524353112,1.4210854715202004e-14
borderline,3,incremental,RebalanceStream,65.9433863048459,1.4210854715202004e-14
borderline,3,sudden,improved_OOB,66.85176223718153,1.4210854715202004e-14
borderline,3,sudden,WEOB1,66.67427505396071,1.4210854715202004e-14
borderline,3,sudden,CSMOTE,66.04715585412897,0.0
borderline,3,sudden,OOB,66.77022149578542,1.4210854715202004e-14
borderline,3,sudden,ESOS_ELM,61.04819563738423,0.12711319533516263
borderline,3,sudden,improved_UOB,66.29670617245085,0.0
borderline,3,sudden,WEOB2,66.11297286436022,0.0
borderline,3,sudden,UOB,65.85087499807324,1.4210854715202004e-14
borderline,3,sudden,RebalanceStream,65.7252183806061,0.0
borderline,3,periodic,improved_OOB,67.73073460112502,0.0
borderline,3,periodic,WEOB1,67.54226415321286,0.0
borderline,3,periodic,CSMOTE,66.90894155194563,0.0
borderline,3,periodic,OOB,67.55836773143452,1.4210854715202004e-14
borderline,3,periodic,ESOS_ELM,61.46114938577226,0.2498470889914499
borderline,3,periodic,improved_UOB,67.1615064844622,1.4210854715202004e-14
borderline,3,periodic,WEOB2,66.76678658019321,1.4210854715202004e-14
borderline,3,periodic,UOB,66.73809563792659,1.4210854715202004e-14
borderline,3,periodic,RebalanceStream,66.85261202142142,1.4210854715202004e-14
borderline,4,incremental,improved_OOB,66.96619672876419,0.0
borderline,4,incremental,WEOB1,66.87937056325055,0.0
borderline,4,incremental,CSMOTE,66.53648153822976,0.0
borderline,4,incremental,OOB,66.9273135130542,0.0
borderline,4,incremental,ESOS_ELM,61.147387212928535,0.1993234655797436
borderline,4,incremental,improved_UOB,66.5363417163035,0.0
borderline,4,incremental,WEOB2,66.29335226262536,0.0
borderline,4,incremental,UOB,66.9273135130542,0.0
borderline,4,incremental,RebalanceStream,66.48740086761347,0.0
borderline,4,sudden,improved_OOB,66.7518750882026,0.0
borderline,4,sudden,WEOB1,66.66522479078358,1.4210854715202004e-14
borderline,4,sudden,CSMOTE,66.48757824750751,0.0
borderline,4,sudden,OOB,66.6883339652369,0.0
borderline,4,sudden,ESOS_ELM,61.10772456362382,0.14124910897936943
borderline,4,sudden,improved_UOB,66.33879531205858,0.0
borderline,4,sudden,WEOB2,66.0539686078456,0.0
borderline,4,sudden,UOB,66.6883339652369,0.0
borderline,4,sudden,RebalanceStream,66.39020165554214,0.0
borderline,4,periodic,improved_OOB,67.64371803619191,0.0
borderline,4,periodic,WEOB1,67.56493731599843,0.0
borderline,4,periodic,CSMOTE,66.96853929065489,0.0
borderline,4,periodic,OOB,67.58382276865701,0.0
borderline,4,periodic,ESOS_ELM,61.564477555396955,0.1286922533518893
borderline,4,periodic,improved_UOB,67.20156939447801,0.0
borderline,4,periodic,WEOB2,66.8679444713357,0.0
borderline,4,periodic,UOB,67.58382276865701,0.0
borderline,4,periodic,RebalanceStream,67.28840043143023,1.4210854715202004e-14
